{
  "generated_at_utc": "2026-05-18T15:17:50.130847+00:00",
  "items_total": 423,
  "shares": {
    "A": 0.30000000000000004,
    "B": 0.35000000000000003,
    "C": 0.35000000000000003
  },
  "score_weights": {
    "steam_sales_7d_n": 0.75,
    "steam_turnover_proxy": 0.25
  },
  "counts": {
    "A": 127,
    "B": 148,
    "C": 148
  }
}
