item,risk_pass,high_cv_pass,monitor_pass,pred_cv,pred_range_over_mean,cv_n_listings,cv_source,risk_rule_trend,risk_rule_price,risk_rule_liquidity,risk_rule_tail,risk_rule_listings,base_price,n_listings,avg_discount,median_discount,steam_sales_7d_n,steam_sales_7d_iqr_risk%,steam_sales_7d_downside_risk%,steam_sales_7d_tail_ratio,steam_turnover_proxy,steam_daily_ret_7d,steam_daily_slope_7d,steam_daily_ema_gap_3_14,steam_daily_range_14d_pct,steam_daily_downside_14d_pct,steam_discount_risk_score,risk_collected_at_utc,status,error,sort_by,collected_at_utc,currency,cap_hit,discount_sample_n,avg_ask,avg_predicted,key_trace,steam_sales_7d_mean,steam_sales_7d_median,steam_sales_7d_p10,steam_sales_7d_p25,steam_sales_7d_p75,steam_sales_7d_p90,steam_sales_7d_min,steam_sales_7d_max,steam_sales_7d_band_risk%,steam_daily_ret_3d,trade_days,steam_trade_currency,model_ready,has_summary,summary_ready,has_fit,fit_ready,monitor_pass_before_model_ready,tier,liquidity_score,liquidity_rank
MP7 | Astrolabe (Factory New),True,True,True,0.1841,0.6689615765194488,152,summary,True,True,True,True,True,12.47,50,0.1675956386330047,0.1577741403400808,172,5.152833296703541,4.676283257861445,0.9536713663605398,3.44,0.0929386452642266,0.0049939430932233,0.0455608374896916,0.2031386514194712,0.1440926333484479,0.1337804654566826,2026-06-16T21:06:21.648478+00:00,ok,,best_deal,2026-04-18T05:26:35.649846+00:00,,True,8,15.00375,18.04625,1/1,45.9553,46.386,44.237,44.836,47.204,47.8676,41.839,49.537,7.90028571242055,-0.0422315905431742,7,3,True,True,True,True,True,True,B,0.4613095238095238,271.0
Tec-9 | Groundwater (Factory New),True,True,True,0.116,0.5642234642790919,188,summary,True,True,True,True,True,4.52,50,0.1623649247446819,0.1546183705787184,56,7.716120533508965,5.038695866952084,0.9487265415549596,1.12,-0.0537043028146232,-0.0130817504994901,-0.0214231647899886,0.1454700854700854,0.0198290598290597,0.118504683293736,2026-06-16T21:07:35.459856+00:00,ok,,best_deal,2026-04-18T19:42:00.673280+00:00,,True,8,5.06875,6.06,1/1,3.0365,2.984,2.831,2.9087,3.143,3.185,2.523,4.261,11.658159064712663,0.002055498458376,7,3,True,True,True,True,True,True,C,0.05009920634920635,483.0
P2000 | Urban Hazard (Factory New),True,True,True,0.1335,0.47126647144948747,63,summary,True,True,True,True,True,6.72,50,0.1529972615420226,0.1507442595047544,61,2.838953888506544,4.502179398944713,0.9554483541430192,1.22,-0.0331807780320366,-0.0074868052115463,-0.0436259006475384,0.1943786982248521,0.0,0.1149025270415882,2026-06-16T21:08:59.501436+00:00,ok,,best_deal,2026-04-18T12:26:45.476592+00:00,,True,8,7.64625,9.02375,1/1,3.4872,3.524,3.367,3.44,3.539,3.539,3.005,4.388,4.932323927506313,-0.0162980209545984,7,3,True,True,True,True,True,True,C,0.07118055555555555,469.0
AUG | Carved Jade (Factory New),True,True,True,0.1537,0.5433649851919713,138,summary,True,True,True,True,True,112.19,50,0.1445623953752355,0.1402810013780174,58,6.021335294677257,4.9650777603762055,0.9505249158153882,1.16,-0.0444185820967898,-0.0189824150782076,-0.0166790787982039,0.1243421148018733,0.034449261283728,0.101600692794492,2026-06-16T21:11:24.066396+00:00,ok,,best_deal,2026-04-17T01:54:12.755309+00:00,,True,8,119.65625,140.03,1/1,70.4279,70.678,67.1812,67.7893,72.03,74.7744,64.58,75.52,10.781522663603482,-0.0269465724242039,7,3,True,True,True,True,True,True,C,0.05803571428571429,475.0
XM1014 | Blue Tire (Factory New),True,True,True,0.1412,0.7274336283185843,88,summary,True,True,True,True,True,5.6,42,0.1252011642525619,0.12807401225864,145,0.0,0.0,1.0,3.452380952380953,-0.0748456790123456,-0.027155791018447,,0.2727272727272726,0.0429524603836531,0.1381730105753338,2026-06-16T21:14:23.895312+00:00,ok,,best_deal,2026-04-19T08:55:23.396546+00:00,,False,8,5.1425,5.87875,1/2->2/2,5.0694,5.072,5.072,5.072,5.072,5.08,3.298,5.797,0.1578096027143253,-0.0510486743173723,7,3,True,True,True,True,True,True,B,0.4146825396825397,297.0
MAG-7 | Navy Sheen (Factory New),True,True,True,0.2456,0.7829143587558587,154,summary,True,True,True,True,True,3.02,50,0.1189054596702358,0.1236940298507462,85,0.0,0.9707690648258016,0.9901423877327492,1.7,0.0,-0.0026667553686484,-0.0110531161240458,0.1387096774193547,0.0279569892473118,0.1178250443051575,2026-06-16T21:16:35.820030+00:00,ok,,best_deal,2026-04-18T03:29:38.193683+00:00,,True,8,3.365,3.81625,1/1,0.9271,0.913,0.904,0.913,0.913,0.939,0.857,1.731,3.7752130298781057,0.0186199342825847,7,3,True,True,True,True,True,True,C,0.1959325396825397,408.0
AUG | Luxe Trim (Factory New),True,True,True,0.1657,0.5068799683509093,92,summary,True,True,True,True,True,6.47,50,0.1164148058213202,0.117209012347817,63,5.68418856904465,6.466416353775547,0.9352818371607516,1.26,-0.0738484036071167,-0.002938451666332,-0.0222522437202434,0.1699999999999999,0.0165789473684209,0.0588328110665127,2026-06-16T21:16:59.825079+00:00,ok,,best_deal,2026-04-17T02:48:34.177015+00:00,,True,8,8.59125,9.7175,1/1,3.8352,3.832,3.584,3.756,3.974,4.0436,2.746,4.599,11.983729662077586,-0.0062761506276151,7,3,True,True,True,True,True,True,C,0.08482142857142856,461.0
UMP-45 | Primal Saber (Field-Tested),True,True,True,0.1192,0.33984647101454374,253,summary,True,True,True,True,True,12.58,50,0.1202647151882791,0.1103238627988225,178,3.7531174905433016,5.313947406323677,0.947315020104468,3.56,0.0184058411925769,0.0010550631288916,0.0098434661121971,0.060119492158327,0.0471247199402539,0.080304537978331,2026-06-16T21:15:59.871683+00:00,ok,,best_deal,2026-04-18T22:21:47.624739+00:00,,True,8,14.3075,16.263749999999998,1/1,13.1917,13.3055,12.6045,13.0482,13.5433,13.7603,10.333,14.085,8.761569774934246,-0.0057176802554391,7,3,True,True,True,True,True,True,B,0.48065476190476186,262.0
UMP-45 | Wild Child (Field-Tested),True,True,True,0.2076,0.5756864346228437,400,summary,True,True,True,True,True,3.89,50,0.1125730021204895,0.1090333804336265,1901,3.0586840545346665,2.868998221695328,0.971265732605082,38.02,0.033910709929251,0.001569595208035,0.0182613806403375,0.0903728173666823,0.0776309579990563,0.1157087652047062,2026-06-16T21:18:03.273078+00:00,ok,,best_deal,2026-04-18T22:23:51.480676+00:00,,True,8,5.59625,6.305,1/1,4.2175,4.211,4.09,4.163,4.292,4.361,3.666,4.486,6.425607587433311,-0.0125815470643055,7,3,True,True,True,True,True,True,A,0.9563492063492064,23.0
AK-47 | Head Shot (Field-Tested),True,True,True,0.1476,0.46909621263825135,400,summary,True,True,True,True,True,38.2,50,0.1045992493315871,0.1054232105248981,604,5.47811273578209,5.372786430308329,0.9466237503269906,12.08,0.0232945493168541,6.211359714867828e-05,0.0164285521886733,0.1269137316883301,0.0657922672265339,0.0732035399082687,2026-06-16T21:21:15.120490+00:00,ok,,best_deal,2026-04-17T00:43:04.173804+00:00,,True,8,44.43,49.61375,1/1,43.6738,43.9615,41.615,42.391,44.7835,45.606,31.569,49.951,9.138201850995332,-0.0550800231822032,7,3,True,True,True,True,True,True,A,0.7916666666666666,106.0
XM1014 | Entombed (Minimal Wear),True,True,True,0.2031,0.5174686882003955,269,summary,True,True,True,True,True,4.59,50,0.1080290574158938,0.1040963051165476,576,7.683124241197889,8.39740995548361,0.9164989939637826,11.52,0.0488652627274586,0.0019429716554084,0.0092703896466692,0.080896686159844,0.080896686159844,0.0460070444385459,2026-06-16T21:20:08.483007+00:00,ok,,best_deal,2026-04-19T08:58:24.452853+00:00,,True,8,6.37375,7.13625,2/2,4.942,4.97,4.555,4.7503,5.13,5.196,2.781,6.74,12.970457304734923,0.0066718995290424,7,3,True,True,True,True,True,True,A,0.783234126984127,110.0
M4A1-S | Player Two (Field-Tested),True,True,True,0.0883,0.3085028834188001,278,summary,True,True,True,True,True,58.88,50,0.1082003116532106,0.1024151881140538,162,8.51048369883604,5.652916982668714,0.9435787024446256,3.24,0.062632696390658,0.0141695094973407,0.0355898480334484,0.0944484087341229,0.0944484087341229,0.0642184589583781,2026-06-16T21:19:56.736796+00:00,ok,,best_deal,2026-04-17T22:14:24.192184+00:00,,True,8,67.24375,75.41624999999999,1/1,66.0597,66.186,62.4517,63.401,69.023,69.962,51.674,74.741,11.368958684341589,0.0459145595127921,7,3,True,True,True,True,True,True,B,0.4337797619047619,286.0
AUG | Syd Mead (Field-Tested),True,True,True,0.0923,0.2523812128362804,110,summary,True,True,True,True,True,11.86,50,0.1100915616377618,0.0970401617626551,218,7.797668544173726,9.335236989503752,0.9079303675048356,4.36,0.0451774269188682,0.0136746786295779,0.0372616420252036,0.1011067903081065,0.1011067903081065,0.0313224875365796,2026-06-16T21:18:55.196343+00:00,ok,,best_deal,2026-04-17T03:40:18.228968+00:00,,True,8,12.90375,14.50125,1/1,12.7474,12.925,11.735,12.309,13.303,13.527,8.615,13.801,14.0577686430174,0.0196736312337959,7,3,True,True,True,True,True,True,B,0.5654761904761905,219.0
AUG | Amber Slipstream (Factory New),True,True,True,0.2314,0.5693302789381484,63,summary,True,True,True,True,True,3.4,31,0.0735453846773184,0.092092457848342,114,5.903620680749965,7.334331904343778,0.9282828282828284,3.6774193548387095,-0.0146474677259184,-0.0069592443013393,-0.0003016779716367,0.0856638951877047,0.0456034265558076,0.0136021918018946,2026-06-16T21:33:37.209866+00:00,ok,,best_deal,2026-04-17T01:50:44.613236+00:00,,False,8,4.7425,5.13875,1/1->1/1,1.9361,1.98,1.838,1.903,2.0173,2.058,0.046,2.213,11.363049429265004,0.0477824709609293,7,3,True,True,True,True,True,True,B,0.36557539682539686,322.0
StatTrak™ Zeus x27 | Olympus (Minimal Wear),True,True,True,0.18,0.7477890447747371,135,summary,True,True,True,True,True,9.98,50,0.0880027636832214,0.0916642289503193,189,7.303290923306569,5.2331366834885085,0.945988078862907,3.78,-0.0350210970464134,0.003559022464845,-0.0089029770020694,0.1310013117621337,0.0767818102317446,0.0492599547805786,2026-06-16T21:28:27.461459+00:00,ok,,best_deal,2026-05-12T19:50:02.890088+00:00,,True,8,13.78,15.1125,1/1,11.2552,10.905,10.316,10.613,11.435,13.1566,5.865,19.583,25.238112161489784,0.0632758380212934,7,3,True,True,True,True,True,True,B,0.5183531746031746,242.0
AK-47 | Nightwish (Battle-Scarred),True,True,True,0.1236,0.6413220563169751,99,summary,True,True,True,True,True,68.49,50,0.1099342780933476,0.0866780334061452,364,6.587522837735367,5.744044647266625,0.9428304750137656,7.28,0.0546488829978184,0.0063577480216787,0.020879371476222,0.0602874947633012,0.0602874947633012,0.0708544383563789,2026-06-16T21:19:05.710529+00:00,ok,,best_deal,2026-04-17T00:50:07.218811+00:00,,True,8,80.7325,91.25625,1/1,74.1098,74.461,70.2041,71.878,76.76,78.038,51.591,79.218,10.570666767418071,0.0116148171692689,7,3,True,True,True,True,True,True,A,0.7088293650793651,147.0
Zeus x27 | Dragon Snore (Field-Tested),True,True,True,0.1776,0.6772708428792737,372,summary,True,True,True,True,True,20.35,50,0.0901731178175731,0.086469078001336,224,3.4479921423833084,2.535212716174462,0.9745219638242894,4.48,-0.0058771975047686,-0.0017519561009011,0.001700674655964,0.0406057148783903,0.0200176321111861,0.0795966018255158,2026-06-16T21:26:42.833741+00:00,ok,,best_deal,2026-05-20T22:05:03.126775+00:00,,True,8,29.52125,32.46125,1/1,19.4461,19.35,18.857,19.1135,19.784,20.2042,13.242,22.766,6.927867284442643,0.0034344590726962,7,3,True,True,True,True,True,True,B,0.5699404761904762,218.0
Five-SeveN | Violent Daimyo (Factory New),True,True,True,0.2197,0.6403510735955936,120,summary,True,True,True,True,True,3.79,50,0.0870925100456565,0.0839057958650993,200,11.35644586538781,8.385786125820088,0.9157295850066935,4.0,-0.064481378885811,-0.0191092156914005,-0.0496188598813392,0.1954268794209573,0.0623457805560124,0.0172140488741759,2026-06-16T21:29:13.591024+00:00,ok,,best_deal,2026-04-17T12:54:03.655428+00:00,,True,8,5.08875,5.5725,1/1,3.0027,2.988,2.7362,2.85,3.191,3.263,2.153,4.236,17.544210210810263,0.060167422392745,7,3,True,True,True,True,True,True,B,0.529265873015873,236.0
XM1014 | Entombed (Field-Tested),True,True,True,0.1019,0.2891969407265774,400,summary,True,True,True,True,True,3.75,50,0.0800090387299585,0.0806989813839129,1081,6.4562755962418645,3.637677668031795,0.9633939393939396,21.62,-0.004419632472668,0.0036765258461731,0.0072600046381166,0.0600467289719625,0.052803738317757,0.0707221140614292,2026-06-16T21:31:25.143426+00:00,ok,,best_deal,2026-04-19T08:58:22.151569+00:00,,True,8,4.1675,4.53,1/2,4.151,4.125,3.974,4.03,4.298,4.393,3.527,4.417,10.09395326427366,0.0451770451770452,7,3,True,True,True,True,True,True,A,0.902281746031746,50.0
AWP | Duality (Field-Tested),True,True,True,0.2373,0.5855466857636329,400,summary,True,True,True,True,True,3.87,50,0.0846693585245387,0.0801708391126067,4191,2.2342802425790027,1.8659922905055384,0.9812623274161736,83.82,-0.0035220125786163,-0.0030968425685377,0.0064841800229089,0.0795253723807118,0.0424135319363796,0.1045794009819571,2026-06-16T21:29:54.068716+00:00,ok,,best_deal,2026-04-17T03:56:39.805910+00:00,,True,8,5.7125,6.23875,1/1,4.0729,4.056,3.98,4.021,4.112,4.206,3.875,4.417,5.548871811240159,-0.0334309419228892,7,3,True,True,True,True,True,True,A,0.9940476190476191,4.0
AK-47 | Uncharted (Factory New),True,True,True,0.1277,0.3782299565399233,135,summary,True,True,True,True,True,4.88,50,0.0900560783798933,0.0788292011019283,454,4.442630036981884,4.706786417559188,0.95274831243973,9.08,-0.0102551872167897,-0.0031489562099171,-0.001073401641058,0.0596385542168675,0.0263855421686748,0.0630574248464915,2026-06-16T21:27:11.793811+00:00,ok,,best_deal,2026-04-17T01:45:03.620917+00:00,,True,8,5.28125,5.81,1/1,4.1642,4.148,3.952,4.069,4.254,4.3147,3.41,7.302,8.709956294126128,0.0265924551638836,7,3,True,True,True,True,True,True,A,0.746031746031746,129.0
Zeus x27 | Olympus (Field-Tested),True,True,True,0.1391,0.3631995082837427,400,summary,True,True,True,True,True,3.28,50,0.0804273108473491,0.0748014018691589,3112,3.0612748728583448,2.123142250530771,0.9785214785214786,62.24,-0.0203574975173782,-0.0031278374689714,-0.0052064265558648,0.0557526609224531,0.0164723770907248,0.0952157255672448,2026-06-16T21:30:36.590479+00:00,ok,,best_deal,2026-05-20T22:06:33.133550+00:00,,True,8,3.81375,4.1475,1/1,4.0506,4.004,3.918,3.97,4.094,4.245,3.728,4.486,8.072878092134497,-0.0377956595952205,7,3,True,True,True,True,True,True,A,0.9861111111111112,8.0
UMP-45 | Primal Saber (Minimal Wear),True,True,True,0.1313,0.38725529471463294,132,summary,True,True,True,True,True,13.37,50,0.0732641563890807,0.0733416827619507,67,9.036498063607551,10.923876650765926,0.890453444098304,1.34,0.1102958037147443,0.0083621641393068,,0.1764422414980037,0.0993391160677407,-0.0285902929703757,2026-06-16T21:34:32.565292+00:00,ok,,best_deal,2026-04-18T22:21:49.961036+00:00,,True,8,16.5875,17.90125,1/1,14.4857,14.445,12.8626,13.678,14.987,17.329,11.456,19.805,30.8331665021366,-0.0715837913843794,7,3,True,True,True,True,True,True,C,0.11631944444444443,448.0
FAMAS | 2A2F (Factory New),True,True,True,0.1624,0.5628765792031096,206,summary,True,True,True,True,True,7.37,50,0.0720345816870758,0.0719029844207279,154,3.483608378433631,1.6884836528122251,0.9823337982333796,3.08,-0.0368749715119194,-0.0052273700771287,-0.018417547815907,0.0878371982962613,0.0,0.0673629484207511,2026-06-16T21:35:25.361127+00:00,ok,,best_deal,2026-04-17T09:53:05.360420+00:00,,True,8,7.665,8.26,1/1,11.2527,10.755,10.565,10.565,10.957,11.54,10.161,32.935,8.664587165746884,-0.0282376747608535,7,3,True,True,True,True,True,True,B,0.4216269841269841,293.0
P2000 | Imperial Dragon (Field-Tested),True,True,True,0.0621,0.16563901789535415,104,summary,True,True,True,True,True,11.81,50,0.0702785563979227,0.0715279662624582,175,6.126427179058759,6.675848781111943,0.9331977707486068,3.5,0.0338804220398594,0.0011435483154178,0.0207605179970578,0.1047737838757228,0.0870469063007899,0.0165843188623101,2026-06-16T21:36:52.447457+00:00,ok,,best_deal,2026-04-18T12:02:40.377800+00:00,,True,8,12.2025,13.12625,1/1,13.2867,13.278,12.391,12.86,13.674,14.0028,10.41,25.026,12.130927920401607,-0.0145634684147794,7,3,True,True,True,True,True,True,B,0.4717261904761904,266.0
M4A1-S | Blood Tiger (Factory New),True,True,True,0.1038,0.650731463597424,215,summary,True,True,True,True,True,31.89,50,0.0743167964490589,0.0692646556304686,95,15.916604378949614,14.104105671481287,0.8454966180135279,1.9,-0.0509989404014189,-0.0227417043673287,-0.0412440402145271,0.2263503673258034,0.1230136897634228,-0.0574763003077748,2026-06-16T21:33:05.926048+00:00,ok,,best_deal,2026-04-17T21:17:28.054872+00:00,,True,8,37.2875,40.3425,1/1,33.8483,30.899,26.125,28.6905,34.078,34.5788,17.246,320.575,24.97555268654556,0.1402686545132483,7,3,True,True,True,True,True,True,C,0.24131944444444442,383.0
Negev | dev_texture (Factory New),True,True,True,0.265,0.7145122080118381,75,summary,True,True,True,True,True,3.8,50,0.0673852538583374,0.06882421505063,120,5.731761795127309,10.669736435174055,0.8897567903426238,2.4,0.0165351371664788,-0.0066074131660939,0.0084458356972998,0.1412199630314233,0.0414048059149723,-0.028682532152558,2026-06-16T21:39:12.303389+00:00,ok,,best_deal,2026-04-18T09:31:13.170722+00:00,,True,8,3.46,3.71,1/1,2.9101,2.8165,2.506,2.6907,2.8575,2.9823,1.625,7.534,16.36713514999485,-0.0152894066254094,7,3,True,True,True,True,True,True,C,0.3368055555555556,337.0
P2000 | Wicked Sick (Field-Tested),True,True,True,0.2434,0.6499830623306232,400,summary,True,True,True,True,True,3.88,50,0.0732800275650087,0.0687768752986144,1942,2.5831832401175463,2.440989667267034,0.975487862922418,38.84,0.0356968215158923,0.0013322805691497,0.0126844507246632,0.0630311614730879,0.0547686496694995,0.0808765174873715,2026-06-16T21:34:13.016783+00:00,ok,,best_deal,2026-04-18T12:27:43.443711+00:00,,True,8,6.04,6.5175,1/1,4.2196,4.202,4.099,4.153,4.262,4.415,3.961,4.495,7.48886150346004,0.0040293908509123,7,3,True,True,True,True,True,True,A,0.9583333333333334,22.0
★ Moto Gloves | Finish Line (Field-Tested),True,True,True,0.1405,0.3898092396597524,193,summary,True,True,True,True,True,113.78,50,0.0691380373211879,0.0675069730268817,52,6.8578433324247525,3.6050631980962455,0.9632841803195596,1.04,-0.0086186599971438,-0.0171016503304796,-0.0182395385685,0.2833766779829945,0.0258121281963434,0.0392800086887434,2026-06-16T21:37:33.404724+00:00,ok,,best_deal,2026-05-21T09:40:36.959890+00:00,,True,8,142.32875,152.85375,1/1,130.6052,128.239,123.5306,124.6933,133.65,144.6017,114.1,159.812,16.133431134441807,0.026496047572994,7,3,True,True,True,True,True,True,C,0.021825396825396824,497.0
M4A4 | The Emperor (Field-Tested),True,True,True,0.1272,0.44757771583346373,380,summary,True,True,True,True,True,58.98,50,0.0692197071216058,0.0666053024060042,168,8.232363775498731,6.065375756802781,0.9391224463671208,3.36,0.061634855783889,0.0122899487228063,0.0245222009353052,0.0912419764786971,0.0897054811240826,0.0213556793389497,2026-06-16T21:37:21.745865+00:00,ok,,best_deal,2026-04-18T00:17:10.242722+00:00,,True,8,74.2675,79.79124999999999,1/1,66.6455,66.4005,62.3582,64.1535,69.64,70.2944,56.641,85.247,11.908080815658971,-0.0015341381584607,7,3,True,True,True,True,True,True,B,0.45436507936507936,275.0
StatTrak™ Dual Berettas | Melondrama (Field-Tested),True,True,True,0.1452,0.39253397231768444,128,summary,True,True,True,True,True,5.67,50,0.0661407509177484,0.0643739335337613,353,7.417791016879856,8.729046200572402,0.9131609529343404,7.06,0.0324439053972103,0.0015222084777118,0.0120659076685991,0.1058737151248163,0.0555066079295153,-0.0030230102518738,2026-06-16T21:40:11.209173+00:00,ok,,best_deal,2026-05-11T13:09:22.184233+00:00,,True,8,7.35,7.8725,1/1,6.8484,6.884,6.2862,6.645,7.153,7.405,4.951,7.826,16.33666257812044,-0.0479519082902278,7,3,True,True,True,True,True,True,B,0.6994047619047619,152.0
UMP-45 | Momentum (Field-Tested),True,True,True,0.0729,0.2041447571914629,95,summary,True,True,True,True,True,4.6,50,0.0613706670260828,0.0608462654906776,328,9.947003668976771,7.664084794129626,0.9232339730502248,6.56,-0.0509528585757272,-0.005907510356854,-0.031169425337457,0.1253434791798774,0.0059184104840413,0.0023002549948106,2026-06-16T21:43:35.469263+00:00,ok,,best_deal,2026-04-18T22:19:43.845881+00:00,,True,8,4.79625,5.109999999999999,1/1,4.906,4.898,4.522,4.68,5.168,5.399,2.654,5.709,17.876070118222582,-0.1066842900302115,7,3,True,True,True,True,True,True,B,0.6750992063492064,164.0
Zeus x27 | Olympus (Minimal Wear),True,True,True,0.2119,1.082382280103216,400,summary,True,True,True,True,True,4.56,50,0.0626097609780258,0.0605505671077504,1222,6.316321374431531,4.076132726966481,0.9590939824205544,24.44,-0.0167853509664291,0.0001539727176503,-0.0040371762323104,0.0982928091050181,0.0210381100189689,0.0499587758478885,2026-06-16T21:41:45.663178+00:00,ok,,best_deal,2026-05-20T22:06:38.432938+00:00,,True,8,5.495,5.8625,1/1,5.937,5.916,5.674,5.752,6.127,6.3522,4.564,6.398,11.423277749705228,-0.071714422923003,7,3,True,True,True,True,True,True,A,0.9107142857142857,46.0
AWP | Hyper Beast (Battle-Scarred),True,True,True,0.2017,0.6485103634986278,109,summary,True,True,True,True,True,35.25,50,0.0624057388052759,0.0574476154356689,56,4.063584697956881,5.476490200519328,0.9453676093895728,1.12,0.0171248310049572,0.0019499255718138,0.0035713849506788,0.0408663243764496,0.0307539941098282,0.0141675540186576,2026-06-16T21:41:57.944133+00:00,ok,,best_deal,2026-04-17T04:41:19.405651+00:00,,True,8,46.3675,49.47625,1/1,37.9714,38.0635,35.984,37.2475,38.7905,39.2945,34.425,42.128,8.71840385131967,-0.0097811499948383,7,3,True,True,True,True,True,True,C,0.05009920634920635,480.0
Five-SeveN | Monkey Business (Field-Tested),True,True,True,0.1719,0.6170957887107371,400,summary,True,True,True,True,True,12.9,50,0.0704896614787487,0.0573068978322424,306,3.6875986162245433,4.748394361189099,0.952499166327022,6.12,0.0034845788849346,0.001934923859092,0.0101809680154483,0.0699667528629478,0.0511267085334318,0.0400553177395948,2026-06-16T21:36:32.573853+00:00,ok,,best_deal,2026-04-17T12:05:33.543172+00:00,,True,8,16.9175,18.23375,1/1,13.4993,13.4945,12.8535,13.1152,13.613,13.714,10.37,50.54,6.374404598756973,-0.0048525843687964,7,3,True,True,True,True,True,True,B,0.6517857142857143,176.0
P250 | Asiimov (Battle-Scarred),True,True,True,0.4469,3.75861835625296,74,summary,True,True,True,True,True,12.28,50,0.0486479344527947,0.0562927134847333,280,2.677297524129256,3.210239194292896,0.967740575187653,5.6,0.0186939820742637,0.0026286987083793,0.0073160699023595,0.0542986425339366,0.0304172951231774,0.0329364212207031,2026-06-16T21:55:20.891840+00:00,ok,,best_deal,2026-04-18T12:30:16.532567+00:00,,True,8,13.6225,14.39,1/1,11.915,11.857,11.4745,11.697,12.016,12.615,9.903,13.08,9.571968107427608,-0.0032573289902281,7,3,True,True,True,True,True,True,B,0.6314484126984127,186.0
R8 Revolver | Blaze (Factory New),True,True,True,0.1281,0.6054299498628323,400,summary,True,True,True,True,True,4.47,50,0.0520521737660503,0.0531673473511032,797,3.660871365000512,2.1991100072441374,0.977847276518113,15.94,-0.0573058794343834,-0.0005864158984,0.010743305802588,0.0989473684210526,0.0381578947368421,0.0546393418135026,2026-06-16T21:51:29.117408+00:00,ok,,best_deal,2026-04-19T03:57:02.085513+00:00,,True,8,5.0912500000000005,5.37,1/2,7.7304,7.674,7.504,7.628,7.911,7.974,6.925,9.566,6.0798923729690655,-0.0036706869428422,7,3,True,True,True,True,True,True,A,0.8432539682539683,80.0
FAMAS | Rapid Eye Movement (Battle-Scarred),True,True,True,0.2476,1.4363885088919288,63,summary,True,True,True,True,True,6.62,50,0.0553015822664895,0.0530266819263049,777,3.6478344720357576,4.604643513881217,0.9539955190440628,15.54,0.0352559146435751,-0.0003237437070682,0.0212504150046406,0.1078416728902166,0.0828976848394325,0.0336258572320078,2026-06-16T21:47:05.233809+00:00,ok,,best_deal,2026-04-17T10:55:03.682221+00:00,,True,8,8.33125,8.8525,1/1,6.6889,6.695,6.387,6.57,6.814,6.979,3.961,7.646,8.850483637070377,-0.0038684719535783,7,3,True,True,True,True,True,True,A,0.8353174603174603,84.0
UMP-45 | K.O. Factory (Field-Tested),True,True,True,0.1524,0.45370979439693715,378,summary,True,True,True,True,True,5.17,50,0.0524226431833848,0.05217506757453,1741,2.9542365201631218,3.189850475758951,0.9679825359286884,34.82,-0.0031238515251745,-0.0028479468904623,0.0081364303421616,0.0774193548387096,0.0505069124423963,0.0516066500560555,2026-06-16T21:50:45.940000+00:00,ok,,best_deal,2026-04-18T21:32:13.547421+00:00,,True,8,6.83,7.2075,1/1,5.5175,5.497,5.321,5.425,5.588,5.755,4.934,6.199,7.865881286814684,-0.0216411181244364,7,3,True,True,True,True,True,True,A,0.9484126984126984,27.0
Five-SeveN | Hybrid (Factory New),True,True,True,0.2265,0.698012603005332,122,summary,True,True,True,True,True,6.64,50,0.0551107936693664,0.0512519293431658,299,4.498340916087981,7.334177128587553,0.9259156876295784,5.98,-0.0722850291195614,-0.0095636608429689,0.0070608279202883,0.2291358936484491,0.1334933530280651,-0.0013538691640459,2026-06-16T21:47:33.997844+00:00,ok,,best_deal,2026-04-17T12:02:13.575846+00:00,,True,8,6.505,6.88375,1/1,5.8466,5.788,5.3592,5.597,5.86,6.07,3.501,13.748,12.157493243936646,-0.0681348933241569,7,3,True,True,True,True,True,True,B,0.6428571428571429,181.0
Dual Berettas | Melondrama (Field-Tested),True,True,True,0.094,0.409485730042741,400,summary,True,True,True,True,True,7.1,50,0.0554730246704767,0.050422332163064,2156,2.09603916212524,3.002068993495511,0.9700485698866704,43.12,0.0277777777777776,0.0025116534467224,0.0184050041420678,0.0747926143965748,0.0742574257425743,0.0583450448108846,2026-06-16T21:46:53.893657+00:00,ok,,best_deal,2026-04-17T09:00:04.723497+00:00,,True,8,8.11125,8.5975,1/1,7.3949,7.412,7.19,7.328,7.483,7.571,6.576,7.911,5.152199488836892,0.0,7,3,True,True,True,True,True,True,A,0.9682539682539683,17.0
P250 | Visions (Minimal Wear),True,True,True,0.1864,0.5017461335613996,244,summary,True,True,True,True,True,5.63,50,0.0507297160330926,0.0495837412707886,499,8.448994834132074,3.205327690296874,0.9672704162694632,9.98,0.0266920877025738,0.0083828140807994,0.0167565020521753,0.081553698545342,0.0379139585267719,0.0394884859324053,2026-06-16T21:53:17.334866+00:00,ok,,best_deal,2026-04-18T14:31:29.700950+00:00,,True,8,8.1375,8.57375,1/1,6.4268,6.294,6.088,6.191,6.734,6.9356,3.61,9.779,13.188523059687556,0.0316091954022987,7,3,True,True,True,True,True,True,A,0.7653769841269842,120.0
M4A4 | Neo-Noir (Field-Tested),True,True,True,0.1199,0.46352608567014036,345,summary,True,True,True,True,True,39.59,50,0.0507236376720948,0.0476735350402723,290,3.4908316704839253,3.4659465338230424,0.9651595867883448,5.8,0.0317942583732058,0.0040060037152823,0.0215088430693322,0.0810823343921723,0.0717150872962507,0.0327143505879891,2026-06-16T21:53:31.044087+00:00,ok,,best_deal,2026-04-17T23:18:32.949552+00:00,,True,8,48.33,50.885000000000005,1/1,43.3994,43.174,41.6698,42.58,44.095,45.1877,36.802,58.062,8.105872431416095,-0.0092803160820528,7,3,True,True,True,True,True,True,B,0.6393849206349207,182.0
AUG | Stymphalian (Field-Tested),True,True,True,0.0888,0.247610558114198,191,summary,True,True,True,True,True,3.96,50,0.0515976956744963,0.0470331951870585,349,6.648684459587348,7.405830020821496,0.9264221908791724,6.98,-0.0278486887909027,0.0074359219340024,0.0010610062648797,0.1058725232752446,0.0518023394604917,-0.004420546706704,2026-06-16T21:52:08.287171+00:00,ok,,best_deal,2026-04-17T02:58:24.243947+00:00,,True,8,4.69875,4.955,1/1,4.2264,4.254,3.941,4.093,4.374,4.624,3.401,4.706,16.160325572591326,-0.008989827300686,7,3,True,True,True,True,True,True,B,0.6934523809523809,155.0
MAC-10 | Pipsqueak (Factory New),True,True,True,0.1887,0.7535963469736401,400,summary,True,True,True,True,True,6.17,50,0.0526153715949813,0.047011787412973,157,3.8683906233575134,2.79617365710081,0.970801317233809,3.14,-0.0287958115183245,0.0013996274872228,0.0030156851367653,0.0835579514824799,0.0193171608265948,0.0369936418463911,2026-06-16T21:50:17.828865+00:00,ok,,best_deal,2026-04-18T02:11:41.679976+00:00,,True,8,7.845,8.280000000000001,1/1,4.7565,4.555,4.422,4.463,4.647,4.764,3.616,25.275,7.190160832544949,-0.0325945241199479,7,3,True,True,True,True,True,True,B,0.4265873015873016,289.0
M4A4 | Temukau (Field-Tested),True,True,True,0.1275,0.4087560215358459,400,summary,True,True,True,True,True,38.51,50,0.0502193790367002,0.0463390184181597,833,3.788667006307277,3.432283556850324,0.965526353721232,16.66,-0.0353538985163345,-0.0026859670402126,-0.005191822056078,0.0719823088008745,0.0022362470804552,0.0408363574530279,2026-06-16T21:53:44.160535+00:00,ok,,best_deal,2026-04-18T00:14:43.296484+00:00,,True,8,48.715,51.295,1/1,41.8089,41.626,40.191,40.849,42.433,43.896,36.97,49.512,8.86174953179825,-0.0414423855570903,7,3,True,True,True,True,True,True,A,0.8531746031746031,75.0
MP7 | Nemesis (Factory New),True,True,True,0.1647,0.6334120688118371,91,summary,True,True,True,True,True,38.11,50,0.0387609314374818,0.0461335509108516,51,3.20666454910341,6.5143946175392005,0.9354986276303752,1.02,0.0316521224670907,-0.001255012830144,0.0119490424453956,0.1920860215053764,0.1267096774193548,-0.0202759873489777,2026-06-16T22:05:24.644353+00:00,ok,,best_deal,2026-04-18T06:17:53.148391+00:00,,True,8,38.34125,39.88,1/1,34.631,34.976,32.72,34.5545,35.665,36.759,20.621,38.068,11.662960930957816,0.019856123523219,7,3,True,True,True,True,True,True,C,0.011904761904761904,498.0
P250 | Asiimov (Field-Tested),True,True,True,0.1666,0.6189778182247633,400,summary,True,True,True,True,True,12.7,50,0.0461533322196473,0.0456217807211184,264,3.411479146316184,4.848592487345712,0.9515025906735752,5.28,-0.0131782945736433,-0.0002381541706577,0.0018741830530768,0.0712976471028316,0.0337036621404256,0.013626600220934,2026-06-16T21:58:23.030822+00:00,ok,,best_deal,2026-04-18T12:30:20.439346+00:00,,True,8,14.5075,15.20875,1/1,13.5132,13.51,12.8548,13.252,13.713,13.966,11.263,23.731,8.223070775241988,-0.0310619789778905,7,3,True,True,True,True,True,True,B,0.6106150793650794,199.0
Tec-9 | Whiteout (Field-Tested),True,True,True,0.221,1.3445121593217553,337,summary,True,True,True,True,True,5.71,50,0.0464473091806189,0.0447233635792957,679,1.0276788161140125,1.1647026582625464,0.9877211989888044,13.58,0.026047358834244,0.0027786916934552,0.0221176099341613,0.0800639091070476,0.0800639091070476,0.0580754330776325,2026-06-16T21:57:15.782365+00:00,ok,,best_deal,2026-04-18T20:34:35.383759+00:00,,True,8,6.19125,6.4925,1/1,5.8384,5.538,5.47,5.507,5.567,5.67,4.917,21.07,3.4255960537133494,0.0171542072950523,7,3,True,True,True,True,True,True,A,0.8055555555555556,99.0
Dual Berettas | Flora Carnivora (Factory New),True,True,True,0.1686,0.6180377534374273,123,summary,True,True,True,True,True,8.44,50,0.0468186169833845,0.044623066229642,148,3.289340101522848,3.701679031628272,0.9617741935483872,2.96,-0.0525078369905955,-0.0087689792843669,-0.0169237033120729,0.0964433416046319,0.0,0.021755730385612,2026-06-16T21:56:45.633630+00:00,ok,,best_deal,2026-04-17T08:56:10.555130+00:00,,True,8,8.3875,8.8,1/1,6.4025,6.2,5.963,6.0687,6.2793,6.712,5.0,12.141,11.69855525185474,-0.025,7,3,True,True,True,True,True,True,B,0.40625,301.0
Glock-18 | Mirror Mosaic (Battle-Scarred),True,True,True,0.1284,0.4185599276004449,62,summary,True,True,True,True,True,5.08,50,0.0466219057581521,0.0433643825851936,306,6.487224588039261,4.385761895945211,0.9550841431618864,6.12,-0.052421719244752,-0.0051974470411485,-0.0413130833089138,0.133910891089109,0.0,0.0198138866714371,2026-06-16T21:57:00.983117+00:00,ok,,best_deal,2026-04-17T19:11:50.855473+00:00,,True,8,5.265,5.5175,1/1,4.3208,4.219,4.0295,4.09,4.3703,4.585,3.039,12.003,12.856415478615077,-0.1022222222222222,7,3,True,True,True,True,True,True,B,0.6517857142857143,177.0
AWP | Asiimov (Battle-Scarred),True,True,True,0.6937,1.9755470006389262,400,summary,True,True,True,True,True,79.68,50,0.0448032045710894,0.0428172446346376,104,6.741132963887031,4.520127322653858,0.9540307539955438,2.08,0.0343555530638559,-0.0008387759009485,0.0014568398039034,0.0985268132987891,0.0426020878275102,0.0093729456745597,2026-06-16T22:00:03.895640+00:00,ok,,best_deal,2026-04-17T03:50:18.564730+00:00,,True,8,144.6575,149.8025,1/1,92.4266,90.8825,86.7047,88.0987,94.3293,98.416,78.602,131.425,12.670919410645848,0.0444977864332702,7,3,True,True,True,True,True,True,C,0.26537698412698413,371.0
FAMAS | Rapid Eye Movement (Field-Tested),True,True,True,0.0908,0.388141981211678,400,summary,True,True,True,True,True,7.12,50,0.0469120788313725,0.0427861452674654,2204,2.229307968762667,2.3238846704677574,0.97677245104659,44.08,0.0146274777853723,0.0015785973739689,0.0138389837588772,0.0846133117758015,0.0660199407167878,0.0567529102741763,2026-06-16T21:56:32.368008+00:00,ok,,best_deal,2026-04-17T10:55:10.623639+00:00,,True,8,7.6475,8.02625,1/1,7.4014,7.405,7.233,7.318,7.483,7.576,6.894,7.79,4.634258383549058,-0.0182539682539681,7,3,True,True,True,True,True,True,A,0.9702380952380952,16.0
P250 | Visions (Field-Tested),True,True,True,0.1439,0.42863165784419355,400,summary,True,True,True,True,True,3.71,50,0.0432374695836973,0.0414470554657026,1435,3.171810247030779,2.940291250897131,0.9703686420905272,28.7,0.0147887323943662,-0.0013936074563625,0.0102831224777728,0.0693962526023594,0.0458015267175573,0.0432896860610702,2026-06-16T22:01:17.466615+00:00,ok,,best_deal,2026-04-18T14:31:24.022776+00:00,,True,8,4.5575,4.76375,1/1,4.3193,4.286,4.159,4.236,4.373,4.572,3.512,4.994,9.56173454031904,0.0086327578161458,7,3,True,True,True,True,True,True,A,0.9325396825396826,35.0
Five-SeveN | Urban Hazard (Factory New),True,True,True,0.3683,4.748576999276707,194,summary,True,True,True,True,True,5.76,50,0.0393994598217772,0.0408333333333333,277,7.610746113315551,6.195927925583819,0.9363302139037432,5.54,-0.0783466995681677,-0.01206813605693,-0.0227952101408085,0.1475903614457832,0.0331325301204819,-0.0062482644675756,2026-06-16T22:04:39.547948+00:00,ok,,best_deal,2026-04-17T12:53:36.268117+00:00,,True,8,5.80375,6.04125,1/1,6.1492,5.984,5.603,5.809,6.277,6.587,4.581,12.272,16.002081571586547,-0.0013368983957219,7,3,True,True,True,True,True,True,B,0.6264880952380952,190.0
R8 Revolver | Llama Cannon (Field-Tested),True,True,True,0.0844,0.24178502075162767,87,summary,True,True,True,True,True,9.93,50,0.0400302782332602,0.0387858397925737,183,3.8420022320203433,6.138055946870591,0.9391659111514054,3.66,0.0028461255967682,0.0015089186767111,0.0035524418833878,0.0444017211388812,0.0146479904788062,-0.0079825629016457,2026-06-16T22:03:19.161613+00:00,ok,,best_deal,2026-04-19T04:48:58.048334+00:00,,True,8,10.9875,11.4475,1/2,10.9318,11.03,10.359,10.791,11.211,11.422,8.248,11.835,9.723924696756256,-0.0288940256045519,7,3,True,True,True,True,True,True,B,0.5009920634920635,250.0
★ Moto Gloves | Polygon (Field-Tested),True,True,True,0.1208,0.3768340803465876,335,summary,True,True,True,True,True,124.41,50,0.0414458945316141,0.0377747312987998,90,11.13487813896933,8.156944848359638,0.9177363273214688,1.8,-0.0506513671135347,-0.0036371599719382,-0.001654253475938,0.1432076111454613,0.0817559885912599,-0.0311803933251378,2026-06-16T22:02:27.812333+00:00,ok,,best_deal,2026-05-21T09:41:35.905560+00:00,,True,8,163.9775,171.085,1/1,151.9846,150.702,138.3047,142.644,159.5673,168.511,128.729,203.289,19.874579398175868,-0.0125522737866244,7,3,True,True,True,True,True,True,C,0.22321428571428573,393.0
Nova | Wurst Hölle (Factory New),True,True,True,0.1689,0.5818727857159617,400,summary,True,True,True,True,True,4.68,50,0.0401379176022584,0.0374598426941396,88,9.092841579422863,5.157570282191628,0.9444078476299586,1.76,0.0309489051094891,-0.0080142173938153,0.0171533046695562,0.2036250354007363,0.1146983857264231,-0.0026196035783535,2026-06-16T22:02:43.718792+00:00,ok,,best_deal,2026-04-18T10:46:27.001643+00:00,,True,8,5.545,5.77625,1/1,3.7634,3.4915,3.2974,3.38,3.7222,3.9845,2.897,15.749,18.25742679491949,0.026453488372093,7,3,True,True,True,True,True,True,C,0.21378968253968256,399.0
Dual Berettas | Hydro Strike (Factory New),True,True,True,0.2309,0.7146425122381697,73,summary,True,True,True,True,True,12.15,50,0.0315378330044071,0.0339858823246344,70,4.56562292507614,5.466732712920131,0.944222807677832,1.4,0.0088702655637789,0.0059165253131975,0.0043026918130344,0.0745994929607853,0.0241652732078321,-0.015525269290562,2026-06-16T22:16:44.166902+00:00,ok,,best_deal,2026-04-17T08:58:31.915513+00:00,,True,8,14.2525,14.7,1/1,9.4883,9.2995,8.7808,9.1485,9.5817,9.7832,6.9,14.302,10.564590074091264,0.0006477033518648,7,3,True,True,True,True,True,True,C,0.13640873015873017,434.0
CZ75-Auto | Circaetus (Factory New),True,True,True,0.173,0.5495087992084247,77,summary,True,True,True,True,True,4.44,32,0.0605441702788339,0.0333253652726754,64,4.0458811261730965,3.7247132429614247,0.9625104953820318,2.0,0.0642791551882462,-0.0067690263887849,-0.0387671540159505,0.2519413287316652,0.0603968938740293,0.0328394629436129,2026-06-16T21:44:05.759841+00:00,ok,,best_deal,2026-04-17T05:00:05.165733+00:00,,False,8,6.26,6.68625,1/1->1/1,2.3975,2.382,2.2927,2.342,2.439,2.489,2.006,3.001,8.187695516162666,-0.0268681780016792,7,3,True,True,True,True,True,True,C,0.13045634920634921,439.0
AWP | Chromatic Aberration (Minimal Wear),True,True,True,0.1805,0.5286734047218036,331,summary,True,True,True,True,True,46.52,50,0.0376608026832307,0.0330599686602843,210,5.627518001556353,7.150385642096553,0.927141150846624,4.2,-9.71571808873195e-05,0.008798782967548,0.015864798764458,0.0714757666446423,0.07137860002332,-0.0195229868650388,2026-06-16T22:06:20.119784+00:00,ok,,best_deal,2026-04-17T03:53:11.362266+00:00,,True,8,70.48875,73.2525,1/1,50.7595,49.8155,46.186,48.1875,51.044,57.7593,39.609,83.954,22.800263989992025,0.0383808216966663,7,3,True,True,True,True,True,True,B,0.5525793650793651,225.0
SG 553 | Darkwing (Factory New),True,True,True,0.2088,0.5541685425449188,46,summary,True,True,True,True,True,9.88,49,0.0166168539284726,0.0323054608760886,53,7.915060563245037,7.155105008299158,0.9244605358435916,1.0816326530612246,-0.0680643308443423,-0.0233154389769176,-0.0082334978575915,0.3282742681047766,0.0436055469953775,-0.0485661143198509,2026-06-16T22:52:33.149450+00:00,ok,,best_deal,2026-04-18T17:35:53.680879+00:00,,False,8,9.76875,9.93375,1/1->1/1,7.2899,6.905,6.3834,6.57,7.147,8.081,5.488,20.476,23.28701353928037,-0.059692842654303,7,3,True,True,True,True,True,True,C,0.03447420634920635,489.0
Nova | Yorkshire (Factory New),True,True,True,0.1678,0.5268305695105143,400,summary,True,True,True,True,True,3.98,50,0.0306473272307298,0.0318101509797623,84,8.948922566317687,6.584181370036851,0.9321087065928536,1.68,0.05024115755627,0.0110247899601098,0.0189949497091357,0.1153208317387421,0.0478377344048985,-0.0266317905890629,2026-06-16T22:17:38.317237+00:00,ok,,best_deal,2026-04-18T10:46:55.890757+00:00,,True,8,4.5125,4.65625,1/1,4.0977,3.974,3.7042,3.7885,4.1552,4.3394,3.437,9.954,15.501378822266156,-0.0196348174087043,7,3,True,True,True,True,True,True,C,0.18998015873015875,411.0
M4A4 | Temukau (Minimal Wear),True,True,True,0.144,0.47006643847320967,311,summary,True,True,True,True,True,61.67,50,0.0317940070708653,0.03109333067008,306,4.037507298128011,4.428321207039245,0.955258403591372,6.12,0.0126338002748891,0.0030616430084143,0.0081925048751314,0.0463058171897064,0.0298125831173994,0.0045603948732099,2026-06-16T22:15:24.267724+00:00,ok,,best_deal,2026-04-18T00:14:47.551249+00:00,,True,8,82.28875,84.99625,1/1,73.8203,73.064,69.795,71.468,74.4485,76.835,64.35,99.023,9.536672161993373,-0.0162256211054463,7,3,True,True,True,True,True,True,B,0.6517857142857143,178.0
Sawed-Off | Devourer (Field-Tested),True,True,True,0.1458,0.39346068344120716,65,summary,True,True,True,True,True,4.6,50,0.0377475352505868,0.0310774959550775,176,10.138645075771144,11.294020707197356,0.8890550765440789,3.52,0.0306803023566029,0.0100484066454888,0.0235220113719563,0.1213977566867989,0.0794650560828299,-0.0620899031251591,2026-06-16T22:06:07.858467+00:00,ok,,best_deal,2026-04-19T06:50:19.807215+00:00,,True,8,5.7125,5.938750000000001,1/2,5.5826,5.683,5.0525,5.364,5.93,6.019,3.507,6.693,17.31272167090603,0.0377865329512894,7,3,True,True,True,True,True,True,B,0.47470238095238093,264.0
AK-47 | Asiimov (Field-Tested),True,True,True,0.0941,0.38566691494698163,400,summary,True,True,True,True,True,43.59,50,0.0292555578484883,0.0291526480507544,556,5.944492689832378,4.455098083534576,0.9551192425997684,11.12,-0.026135406670453,-0.0061042025724233,-0.0092853818896901,0.0770011965451017,0.0225734769187455,0.0063746294097478,2026-06-16T22:20:12.797973+00:00,ok,,best_deal,2026-04-17T00:33:32.182464+00:00,,True,8,49.83,51.3325,1/1,50.4366,50.066,47.819,48.887,51.8852,53.1845,44.055,59.422,10.638108040589566,0.0230948070117686,7,3,True,True,True,True,True,True,A,0.779265873015873,112.0
M4A1-S | Hyper Beast (Field-Tested),True,True,True,0.0706,0.2665142037333294,253,summary,True,True,True,True,True,123.45,50,0.0288446767525486,0.0282287661383399,109,4.3692058192657335,6.871287741686088,0.9320815826983784,2.18,0.0481329509747094,0.0048824715730666,0.0210828281684041,0.0818980258610027,0.0818980258610027,-0.0298196582646236,2026-06-16T22:21:17.019117+00:00,ok,,best_deal,2026-04-17T21:26:18.255061+00:00,,True,8,130.80125,134.695,1/1,132.4497,133.999,124.898,131.958,137.745,138.9524,14.5,142.743,10.611122561999018,0.0205328897536056,7,3,True,True,True,True,True,True,C,0.2867063492063492,358.0
★ Driver Gloves | Imperial Plaid (Field-Tested),True,True,True,0.2265,0.5928339326575964,400,summary,True,True,True,True,True,191.63,50,0.0282719378629015,0.0280980306146614,70,13.329129529426131,6.539929868040859,0.930266398383088,1.4,0.0214063658534406,0.0176386777276046,0.0265584419716062,0.2087049496117843,0.0736614707805198,-0.0295231359832749,2026-06-16T22:21:27.871204+00:00,ok,,best_deal,2026-05-21T02:16:14.969741+00:00,,True,8,257.13375,264.48875,1/1,236.6111,221.9045,206.4303,211.3658,242.904,292.1705,198.45,363.482,36.23676150442647,0.0795189538781098,7,3,True,True,True,True,True,True,C,0.13640873015873017,437.0
AUG | Syd Mead (Minimal Wear),True,True,True,0.1225,0.35570621140151165,88,summary,True,True,True,True,True,12.25,50,0.0319968378490547,0.0273554471718943,80,4.928460044319214,8.846743085382867,0.911255188501252,1.6,0.056207625574105,0.0035901312216216,0.0173337518109515,0.1239646604086139,0.0958034235229153,-0.0481711260453576,2026-06-16T22:14:52.499466+00:00,ok,,best_deal,2026-04-17T03:40:21.459156+00:00,,True,8,13.58125,14.03,1/1,14.6212,14.5755,13.282,14.1777,14.8983,15.5387,12.055,19.287,15.434437665855064,-0.0273899033297529,7,3,True,True,True,True,True,True,C,0.17658730158730157,416.0
M4A4 | Choppa (Factory New),True,True,True,0.1592,0.6097560975609758,400,summary,True,True,True,True,True,3.13,50,0.0294604765872299,0.0272644778089423,544,5.963565068213378,5.269177354791276,0.947239263803681,10.88,-0.0154858691444057,0.0001532638152547,-0.0027697132140567,0.1340935902477388,0.0810066850176956,-0.0017349681477793,2026-06-16T22:19:44.116006+00:00,ok,,best_deal,2026-04-17T22:21:45.069003+00:00,,True,8,3.24125,3.34,1/1,2.4482,2.445,2.316,2.351,2.497,2.575,2.089,4.154,10.57920104566622,0.0881471972614462,7,3,True,True,True,True,True,True,A,0.7752976190476191,114.0
P90 | Shapewood (Field-Tested),True,True,True,0.0767,0.24429967426710084,58,summary,True,True,True,True,True,9.57,50,0.027863539926826,0.0271082261821089,88,4.305650788529017,5.262574113661101,0.9476161798655024,1.76,0.0235829959514171,0.0002877587920958,0.003944600770378,0.0710966083259172,0.0408385246712152,-0.0159440195684806,2026-06-16T22:21:42.756887+00:00,ok,,best_deal,2026-04-18T15:49:49.000512+00:00,,True,8,10.28125,10.58625,1/1,9.9172,9.963,9.4411,9.721,10.148,10.324,7.841,11.995,8.902714475860115,-0.0012838238198695,7,3,True,True,True,True,True,True,C,0.21378968253968256,400.0
★ Specialist Gloves | Field Agent (Field-Tested),True,True,True,0.2217,0.6346816274925048,280,summary,True,True,True,True,True,135.51,50,0.043928893852138,0.0257843436350305,51,8.669865711685826,8.639650987669459,0.9099206009371292,1.02,0.041740589712389,0.0149124732059809,0.0137660612124337,0.2842723479129265,0.09760679086467,-0.0363605886356241,2026-06-16T22:00:36.537279+00:00,ok,,best_deal,2026-05-21T21:58:33.962833+00:00,,True,8,188.41875,197.0875,1/1,170.4467,163.478,148.752,154.468,169.2455,195.901,114.1,307.182,27.662019857233965,0.0290436633675479,7,3,True,True,True,True,True,True,C,0.011904761904761904,500.0
★ Driver Gloves | Racing Green (Field-Tested),True,True,True,0.0955,0.2817550326056139,161,summary,True,True,True,True,True,36.66,50,0.026929188742653,0.0256634964418775,305,7.670864127753544,4.796984342144968,0.9513409775532018,6.1,-0.0555443870250582,-0.0072963917221733,-0.0203642660780218,0.0633060376130017,0.0,-0.0040154877044151,2026-06-16T22:22:43.084735+00:00,ok,,best_deal,2026-05-21T02:19:37.509159+00:00,,True,8,39.29125,40.385,1/1,41.7554,41.164,39.161,39.876,43.079,44.493,34.899,54.79,12.769605847387403,-0.0221607326509624,7,3,True,True,True,True,True,True,B,0.6468253968253969,179.0
Dual Berettas | Twin Turbo (Minimal Wear),True,True,True,0.0887,0.2912282064225526,90,summary,True,True,True,True,True,7.92,50,0.0250784716740127,0.0255943628719945,97,5.376526267041677,6.345656421899176,0.9351045396788726,1.94,-0.0687756297598125,-0.0117939062713774,-0.0152428388283112,0.1175767488676397,0.0081781580271766,-0.0290111459367359,2026-06-16T22:26:53.140945+00:00,ok,,best_deal,2026-04-17T09:51:05.827557+00:00,,True,8,8.42875,8.65,1/1,8.8533,8.657,8.0952,8.462,8.938,9.757,6.902,14.849,18.770401996995464,-0.093418501197673,7,3,True,True,True,True,True,True,C,0.2482638888888889,381.0
Desert Eagle | Serpent Strike (Factory New),True,True,True,0.2547,1.0723227360763383,400,summary,True,True,True,True,True,3.73,50,0.025245204370411,0.025548658433478,1403,3.046084307752789,2.325505224198347,0.9767822105951603,28.06,-0.0372272143774069,-0.0056181310836737,0.0127241404815128,0.1590000000000001,0.1203333333333334,0.0312560643276675,2026-06-16T22:26:23.975005+00:00,ok,,best_deal,2026-04-17T07:52:54.810437+00:00,,True,8,3.6225,3.71625,1/1,3.0531,3.058,2.987,3.002,3.095,3.126,2.322,3.281,4.552749664275647,-0.0306946688206786,7,3,True,True,True,True,True,True,A,0.9285714285714286,37.0
★ Sport Gloves | Bronze Morph (Field-Tested),True,True,True,0.067,0.2412848700294972,265,summary,True,True,True,True,True,113.56,50,0.0268068608968477,0.0250745002465159,66,9.44442336972812,7.187841921776108,0.926890254051355,1.32,-0.0064320350866355,-0.0170142942083505,-0.0201080552326706,0.1227822032251796,0.0080435204973771,-0.0377617986230953,2026-06-16T22:23:23.867559+00:00,ok,,best_deal,2026-05-21T22:56:03.757077+00:00,,True,8,118.0,121.285,1/1,134.4423,132.178,122.5145,125.894,138.5913,150.995,118.862,175.718,21.18418087164532,-0.0364851457346636,7,3,True,True,True,True,True,True,C,0.1076388888888889,453.0
MP7 | Abyssal Apparition (Minimal Wear),True,True,True,0.117,0.36408880911343866,208,summary,True,True,True,True,True,9.04,50,0.0243195706681342,0.0250463821892393,929,4.250577274346034,2.481418084483108,0.9749158053652304,18.58,0.0322123893805308,0.0040715730047246,0.0119701982537148,0.0384087791495197,0.0354366712391402,0.0253416435726455,2026-06-16T22:28:02.170537+00:00,ok,,best_deal,2026-04-18T05:21:43.987429+00:00,,True,8,11.2675,11.54875,1/1,8.7047,8.611,8.395,8.499,8.869,9.178,7.391,12.381,8.995140556251235,0.0003430531732417,7,3,True,True,True,True,True,True,A,0.8824404761904762,60.0
StatTrak™ P250 | Visions (Field-Tested),True,True,True,0.1619,0.4376706625094408,129,summary,True,True,True,True,True,4.17,50,0.0317254140805039,0.0249944215798085,174,8.361988431953252,7.682216612669211,0.9226148763640004,3.48,-0.0103929525883401,0.0005225984123199,-0.0008952336217727,0.0708141628325665,0.0250050010002,-0.0320711917662253,2026-06-16T22:16:13.991717+00:00,ok,,best_deal,2026-05-12T06:30:29.966901+00:00,,True,8,5.6525,5.84,1/1,5.0311,4.9945,4.608,4.7973,5.218,5.5799,3.961,7.259,19.31784301643777,0.0014022435897436,7,3,True,True,True,True,True,True,B,0.46974206349206343,267.0
AK-47 | The Empress (Field-Tested),True,True,True,0.0503,0.2670481541064776,385,summary,True,True,True,True,True,100.82,50,0.0251951972145971,0.0238077792235512,131,3.20253339310033,4.588195792563101,0.9544053385725416,2.62,0.0889579808879337,0.0036806356416825,0.0134343182425384,0.0816909214581425,0.0816909214581425,-0.0095125893003705,2026-06-16T22:26:35.298974+00:00,ok,,best_deal,2026-04-17T01:43:52.926485+00:00,,True,8,111.8225,114.7175,1/1,117.3446,118.084,112.7,115.3915,119.1495,120.56,99.046,129.515,6.698220454967677,0.0021628263174726,7,3,True,True,True,True,True,True,B,0.37450396825396826,316.0
P90 | Nostalgia (Field-Tested),True,True,True,0.0793,0.24627784618829054,60,summary,True,True,True,True,True,4.43,50,0.0309156064639958,0.0228578892371996,167,4.910770259539439,3.656956576252784,0.963289280469897,3.34,-0.0252797347699957,-0.001961764195587,-0.0397094451870754,0.151998299319728,0.0006377551020408,0.0070958352917181,2026-06-16T22:17:26.021417+00:00,ok,,best_deal,2026-04-18T15:40:38.553124+00:00,,True,8,4.74375,4.895,1/1,4.7854,4.767,4.592,4.683,4.918,4.9782,3.456,5.694,8.070380741421836,-0.0433190970103721,7,3,True,True,True,True,True,True,B,0.4503968253968254,279.0
StatTrak™ P250 | Visions (Minimal Wear),True,True,True,0.2097,1.4681340735812218,114,summary,True,True,True,True,True,6.81,50,0.0237183221136823,0.0226723014583817,93,5.777669711811232,13.095279447011023,0.8687021128395633,1.86,-0.0122036262203624,0.0010170551854893,-0.0087548115981387,0.0663019178726908,0.008883398046829,-0.098107151693847,2026-06-16T22:29:55.890500+00:00,ok,,best_deal,2026-05-12T06:30:34.613021+00:00,,True,8,10.015,10.25875,1/1,8.6367,8.614,7.483,8.455,8.954,9.475,4.264,11.693,23.06436486157908,-0.0367222033321998,7,3,True,True,True,True,True,True,C,0.23759920634920634,385.0
AUG | Eye of Zapems (Factory New),True,True,True,0.1814,1.3853505768575465,400,summary,True,True,True,True,True,25.46,50,0.0231643962858768,0.0225515227876978,63,2.161664539961674,1.9915281395118545,0.9790525219096649,1.26,-0.0124625817093286,-0.0149451372292741,-0.0039192097294959,0.1719146303742655,0.054005567584287,0.0103312836737062,2026-06-16T22:31:38.614136+00:00,ok,,best_deal,2026-04-17T02:45:26.969957+00:00,,True,8,29.79125,30.48,1/1,17.1627,16.317,15.9752,16.083,16.454,17.9828,14.948,36.611,11.697460189830284,-0.0124022482893449,7,3,True,True,True,True,True,True,C,0.08482142857142856,460.0
M4A4 | Evil Daimyo (Factory New),True,True,True,0.1487,0.5698137325109535,400,summary,True,True,True,True,True,13.72,50,0.0233427774113545,0.0221038615856721,191,9.208661500602872,6.910021646700455,0.9292929292929294,3.82,-0.0487049549549549,-0.0125956737296692,-0.0178315149155673,0.1375406925125777,0.0278928677123409,-0.032096498290873,2026-06-16T22:31:07.800877+00:00,ok,,best_deal,2026-04-17T23:07:36.826852+00:00,,True,8,13.6325,13.95875,1/1,14.1823,13.86,12.88,13.055,14.361,15.401,7.429,31.755,17.775678134012107,-0.0026564344746162,7,3,True,True,True,True,True,True,B,0.5223214285714286,240.0
UMP-45 | Wild Child (Battle-Scarred),True,True,True,0.1382,0.5190839694656489,54,summary,True,True,True,True,True,3.5,50,0.0267173361192554,0.0217817680725692,998,7.4910492977141345,7.766455521894796,0.9229718656104888,19.96,-0.0379566210045662,-0.0014466680736066,-0.0055810767040535,0.1290418273509344,0.0,-0.0245193935334587,2026-06-16T22:23:56.590997+00:00,ok,,best_deal,2026-04-18T22:23:47.085849+00:00,,True,8,3.37625,3.46875,1/1,3.631,3.661,3.379,3.517,3.789,3.823,2.723,3.928,12.22803635362159,-0.1142932212296374,7,3,True,True,True,True,True,True,A,0.8983134920634921,52.0
StatTrak™ FAMAS | Rapid Eye Movement (Field-Tested),True,True,True,0.1646,0.9493414551168856,80,summary,True,True,True,True,True,5.65,50,0.0238153515444808,0.0216500104765462,367,10.853582191681102,10.540568084208063,0.8946755891766076,7.34,0.0442187033164027,0.007312148518368,0.0092414872420842,0.1261087267525035,0.0889127324749642,-0.063167008284845,2026-06-16T22:29:27.124617+00:00,ok,,best_deal,2026-05-11T14:08:54.235379+00:00,,True,8,6.76125,6.93875,1/1,6.8687,6.874,6.15,6.4875,7.233,7.486,5.167,8.757,19.450551050417104,-0.0335960182496888,7,3,True,True,True,True,True,True,A,0.7123015873015873,146.0
MP9 | Starlight Protector (Field-Tested),True,True,True,0.0742,0.35110749647937284,347,summary,True,True,True,True,True,70.56,50,0.0203304219213292,0.0214901412459995,1149,4.153665253266679,4.366184278173402,0.9563397129186604,22.98,0.0422032368769473,0.0021340888322714,0.0114154742551764,0.0470800151687524,0.0404942485147264,0.0042655627148517,2026-06-16T22:40:36.319848+00:00,ok,,best_deal,2026-04-18T08:25:59.524122+00:00,,True,8,79.6125,81.26875,1/1,78.5812,78.584,75.153,76.813,80.077,81.834,64.571,85.562,8.502033565280243,-0.0012498579706852,7,3,True,True,True,True,True,True,A,0.9047619047619048,49.0
MP7 | Abyssal Apparition (Field-Tested),True,True,True,0.0936,0.3540668511935707,400,summary,True,True,True,True,True,6.97,50,0.0210304502248629,0.0213433856862732,2015,2.620063745880839,2.322943114904659,0.97677245104659,40.3,0.0286188303608461,0.0026882190269628,0.0170189842707828,0.0740591397849461,0.0682795698924731,0.0301200201089443,2026-06-16T22:36:27.538329+00:00,ok,,best_deal,2026-04-18T05:21:39.654162+00:00,,True,8,8.0175,8.18875,1/1,7.4044,7.405,7.233,7.302,7.496,7.579,6.847,7.922,4.672897196261683,-0.0057463584124013,7,3,True,True,True,True,True,True,A,0.9623015873015873,20.0
AK-47 | Nightwish (Field-Tested),True,True,True,0.0627,0.3161278652941756,400,summary,True,True,True,True,True,71.97,50,0.0219910508804979,0.0209802208469846,761,3.040326251848976,3.197954116420159,0.9679818193295876,15.22,0.0099446953168604,0.0013066914645496,0.0087569778521907,0.03413715146948,0.03413715146948,0.014212526713799,2026-06-16T22:34:23.584653+00:00,ok,,best_deal,2026-04-17T00:50:16.507766+00:00,,True,8,78.08624999999999,79.86125,1/1,79.3007,79.205,76.669,77.996,80.407,82.662,57.282,91.695,7.557310339000802,0.0062432070368778,7,3,True,True,True,True,True,True,A,0.8298611111111112,86.0
AUG | Momentum (Field-Tested),True,True,True,0.1707,0.4519340117266537,151,summary,True,True,True,True,True,5.91,50,0.0164620241111596,0.0204230689305315,287,7.16419642080227,5.740058589784499,0.9412236412236412,5.74,0.1446034816247581,0.0155963781124776,0.0508772281932838,0.1309990536704069,0.1309990536704069,-0.0243653638559789,2026-06-16T22:53:48.637472+00:00,ok,,best_deal,2026-04-17T02:50:16.458401+00:00,,True,8,7.703749999999999,7.83875,1/1,6.8954,6.734,6.3382,6.545,7.039,7.446,5.752,10.12,16.065782985758624,0.1185543626190834,7,3,True,True,True,True,True,True,B,0.6354166666666666,184.0
AWP | Duality (Minimal Wear),True,True,True,0.2136,0.9442028177391174,400,summary,True,True,True,True,True,6.25,50,0.0300656432779882,0.0203741144693924,1335,3.487946068733061,2.5207005202608586,0.9747133196118788,26.7,0.0025706940874035,-0.0013245542615838,-0.0059404243150534,0.0506787330316741,0.0025641025641024,0.0337082334566685,2026-06-16T22:18:56.425239+00:00,ok,,best_deal,2026-04-17T03:56:45.245352+00:00,,True,8,9.19625,9.4725,1/1,6.8235,6.802,6.63,6.694,6.932,7.019,5.169,7.743,5.70088664175277,-0.0312682641729983,7,3,True,True,True,True,True,True,A,0.9226190476190477,40.0
Desert Eagle | Mulberry (Minimal Wear),True,True,True,0.1011,0.4109119963474488,400,summary,True,True,True,True,True,11.32,50,0.020706506456555,0.0202176008208125,830,6.038434414668552,5.0423131170663,0.9493087557603686,16.6,-0.044691765933397,0.0042647112293968,0.0050521949278941,0.1048511877673613,0.0243014471648311,-0.0048063713578249,2026-06-16T22:38:46.337451+00:00,ok,,best_deal,2026-04-17T07:47:48.625254+00:00,,True,8,13.5275,13.81375,1/1,11.344,11.284,10.712,10.923,11.608,12.071,10.316,15.06,11.979901269393514,-0.0267517051997518,7,3,True,True,True,True,True,True,A,0.8511904761904762,76.0
Desert Eagle | Ocean Drive (Field-Tested),True,True,True,0.0652,0.2913646691814378,197,summary,True,True,True,True,True,73.09,50,0.0229232404015271,0.0201497741939188,54,4.908014891026812,3.897930429566304,0.9612126532275762,1.08,-0.0373904042864102,0.0036879938423095,-0.0143044979947172,0.13816659181905,0.0358572792996792,-0.0096947971948807,2026-06-16T22:32:12.099218+00:00,ok,,best_deal,2026-04-17T07:50:37.714966+00:00,,True,8,78.725,80.5675,1/1,79.3498,79.7425,76.6495,77.875,81.7695,82.317,55.313,83.325,7.142425059672474,-0.0071278747001269,7,3,True,True,True,True,True,True,C,0.03869047619047619,486.0
★ Survival Knife | Rust Coat (Battle-Scarred),True,True,True,0.1855,0.7898524046989523,72,summary,True,True,True,True,True,46.57,50,0.0192073406241634,0.0198939483312409,179,3.995287419118655,5.766221796058233,0.942327707977102,3.58,0.0143607049118859,0.0004937627164236,-0.000582941763199,0.0764148153624367,0.0343399992607105,-0.0252375677763415,2026-06-16T22:43:48.437585+00:00,ok,,best_deal,2026-05-23T00:43:40.542876+00:00,,True,8,45.355,46.24375,1/1,53.8134,53.804,50.701,52.71,54.86,55.765,26.969,94.717,9.410295576938084,0.0105337865600836,7,3,True,True,True,True,True,True,B,0.4846230158730158,260.0
StatTrak™ Galil AR | Chromatic Aberration (Field-Tested),True,True,True,0.1381,0.4360559713634884,57,summary,True,True,True,True,True,7.08,50,0.020713903243108,0.0196809256920907,110,10.44671122054167,3.832805721655531,0.960058647443338,2.2,-0.0417068466730953,0.0021188177557645,-0.0180744510820689,0.1532075471698114,0.0285534591194968,-0.0075111544070491,2026-06-16T22:38:26.853877+00:00,ok,,best_deal,2026-05-11T17:07:19.876959+00:00,,True,8,7.72625,7.90125,1/1,8.529,8.1845,7.8576,7.985,8.876,9.523,5.98,17.66,19.526321960370502,-0.0327290424625865,7,3,True,True,True,True,True,True,C,0.29414682539682535,356.0
M4A4 | In Living Color (Field-Tested),True,True,True,0.0638,0.2523632533142958,198,summary,True,True,True,True,True,38.99,50,0.0204127243575171,0.0193534337131157,202,3.761194177298974,7.30159200588789,0.9276261352787096,4.04,-0.0245458530170944,-0.001983665788099,0.0007630589662079,0.037757751260672,0.0125942383543861,-0.0385545849724512,2026-06-16T22:39:46.151567+00:00,ok,,best_deal,2026-04-17T23:14:05.741050+00:00,,True,8,42.35625,43.23875,1/1,40.4898,40.849,37.8926,39.8783,41.4012,42.829,25.268,46.687,12.191712480674145,-0.0193639991187054,7,3,True,True,True,True,True,True,B,0.5381944444444444,232.0
MP5-SD | Phosphor (Minimal Wear),True,True,True,0.1272,0.38741629278553646,63,summary,True,True,True,True,True,6.65,50,0.0171819467799574,0.0193415296176139,127,12.100105494617242,10.157987721951775,0.899090909090909,2.54,0.0716933668740897,0.012622610706813,0.0434184408544302,0.158255605658163,0.1244672308357527,-0.0734178651990446,2026-06-16T22:50:38.233106+00:00,ok,,best_deal,2026-04-18T05:18:38.487323+00:00,,True,8,7.96125,8.10375,1/1,7.8677,7.92,7.1208,7.358,8.31,8.475,4.359,11.456,17.212145862196063,0.0578280188186095,7,3,True,True,True,True,True,True,B,0.3625992063492063,324.0
Five-SeveN | Fowl Play (Field-Tested),True,True,True,0.0502,0.17919284020651732,69,summary,True,True,True,True,True,20.24,50,0.0204260171708768,0.0192355110500955,90,5.630719424126761,4.796315450156084,0.9523511116230848,1.8,0.0334098145720169,0.0073042550640388,0.0164147589511514,0.0712521806112507,0.0546002401504337,-0.0185939767038396,2026-06-16T22:39:26.878559+00:00,ok,,best_deal,2026-04-17T12:00:05.436743+00:00,,True,8,21.34,21.785,1/1,21.5603,21.7025,20.6684,20.941,22.155,22.891,14.853,24.377,10.30876193744985,-0.001447865529489,7,3,True,True,True,True,True,True,C,0.22321428571428573,391.0
M4A1-S | Glitched Paint (Minimal Wear),True,True,True,0.2281,3.4920634920634925,309,summary,True,True,True,True,True,5.13,50,0.019092635704173,0.0190839694656489,1009,6.3166896658957095,3.234145108938591,0.9672182821118992,20.18,-0.0307543520309477,-0.00127903437456,-0.00606130144025,0.0917980443025344,0.018958291758132,0.0132697037302164,2026-06-16T22:45:17.085302+00:00,ok,,best_deal,2026-04-17T21:24:30.672082+00:00,,True,8,5.1375,5.237500000000001,1/1,5.1451,5.076,4.9096,4.968,5.293,5.447,4.748,6.513,10.444889312161084,-0.0678943452380952,7,3,True,True,True,True,True,True,A,0.9002976190476191,51.0
MP9 | Hydra (Minimal Wear),True,True,True,0.0988,0.8697332817935832,127,summary,True,True,True,True,True,12.85,50,0.0213373515046469,0.0185947461265386,123,10.866525768167774,9.136725735652735,0.9085881587508132,2.46,0.0483138243193952,0.010507729385743,0.008697848137563,0.1797937622572277,0.1062187638388056,-0.0592483838760249,2026-06-16T22:35:45.032693+00:00,ok,,best_deal,2026-04-18T07:31:43.848593+00:00,,True,8,13.23125,13.525,1/1,15.3775,15.37,13.965,14.364,16.035,16.682,9.902,24.11,17.66867176068931,0.0101610429447853,7,3,True,True,True,True,True,True,C,0.345734126984127,332.0
Galil AR | Control (Factory New),True,True,True,0.2025,0.5689991779695849,227,summary,True,True,True,True,True,7.6,50,0.0198194517013643,0.0185054133204727,259,3.5155957812850573,3.365995960804842,0.965675057208238,5.18,-0.0675282125955587,-0.0070887178938867,-0.0215602078703515,0.108627757173531,0.0066367362873316,0.0019792615950921,2026-06-16T22:41:56.555843+00:00,ok,,best_deal,2026-04-17T17:16:52.357504+00:00,,True,8,7.52,7.6725,1/1,5.3476,5.244,5.064,5.166,5.354,5.3812,4.357,10.97,5.931632882040536,-0.0204588910133843,7,3,True,True,True,True,True,True,B,0.6051587301587301,201.0
AWP | Mortis (Field-Tested),True,True,True,0.0508,0.758872678028464,400,summary,True,True,True,True,True,4.18,50,0.0182468308514501,0.0184577786352819,2106,2.894954507857721,2.573292895873543,0.9741399214961902,42.12,-0.0237226277372263,-0.0022968802642492,-0.0036914416926956,0.0546728971962616,0.0130841121495327,0.0252074769362883,2026-06-16T22:47:05.715123+00:00,ok,,best_deal,2026-04-17T04:48:58.297495+00:00,,True,8,4.2375,4.31625,1/1,4.3524,4.331,4.219,4.277,4.403,4.553,4.081,4.95,7.67392702876573,-0.0250569476082003,7,3,True,True,True,True,True,True,A,0.9662698412698413,18.0
USP-S | Cortex (Minimal Wear),True,True,True,0.0615,0.9789525208027411,351,summary,True,True,True,True,True,7.88,50,0.018061864142008,0.0183609336093361,648,4.877855688758202,3.573852069667484,0.9640459665490956,12.96,-0.0673637864611997,-0.0046724636077316,-0.0142227963032494,0.0722294346748495,0.0,0.005221051811076,2026-06-16T22:47:46.373052+00:00,ok,,best_deal,2026-04-18T22:26:47.138789+00:00,,True,8,8.02,8.1675,1/1,8.842,8.789,8.473,8.6397,9.071,9.23,7.973,11.005,8.561411445374345,-0.0367212369258752,7,3,True,True,True,True,True,True,A,0.8015873015873016,101.0
UMP-45 | Late Night Transit (Factory New),True,True,True,0.2029,0.6895157934781316,400,summary,True,True,True,True,True,6.97,50,0.0173477751696016,0.0178817056396148,346,3.062885263549101,3.524240366008386,0.9629429995957418,6.92,0.0551684913976966,0.0053845940489182,-0.0075980585521338,0.1545613798679422,0.0522840587521897,7.987514130760806e-05,2026-06-16T22:50:19.966103+00:00,ok,,best_deal,2026-04-18T21:32:42.905246+00:00,,True,8,7.15125,7.2775,1/1,7.8031,7.421,7.146,7.269,7.508,7.702,7.0,28.548,7.12537324909331,-0.0157824933687001,7,3,True,True,True,True,True,True,B,0.6879960317460316,158.0
FAMAS | Eye of Athena (Field-Tested),True,True,True,0.1093,0.2996858132602917,48,summary,True,True,True,True,True,5.72,44,0.0207180565964137,0.0175908162633826,229,10.599070437511797,9.295624882089626,0.9071599862966768,5.204545454545454,0.0515974865032304,0.010223415598174,0.0143484045668287,0.1129439488301633,0.0984682713347921,-0.0563839928133911,2026-06-16T22:38:08.487736+00:00,ok,,best_deal,2026-04-17T10:05:09.270676+00:00,,False,8,6.16,6.2925,1/1->1/1,5.8307,5.838,5.296,5.52,6.138,6.18,4.944,7.431,15.16112988148935,-0.0142691222830596,7,3,True,True,True,True,True,True,B,0.5845734126984128,210.0
P250 | Supernova (Factory New),True,True,True,0.5758,7.111419349675904,166,summary,True,True,True,True,True,6.73,50,0.0263631210734288,0.0174153775303008,125,13.890232342187224,5.745681066336494,0.9408366533864544,2.5,-0.0321331784746419,-0.0284948207986232,-0.0615258640148643,0.224,0.0253999999999999,-0.0202123287029306,2026-06-16T22:24:35.281355+00:00,ok,,best_deal,2026-04-18T14:27:58.581127+00:00,,True,8,6.76125,6.94625,1/1,5.1691,5.02,4.723,4.896,5.614,5.7676,2.288,8.611,20.208546942407768,-0.0134175217048144,7,3,True,True,True,True,True,True,C,0.3506944444444444,330.0
Zeus x27 | Charged Up (Minimal Wear),True,True,True,0.1969,0.7942438311770089,287,summary,True,True,True,True,True,12.0,50,0.0225426406749897,0.0172093385788655,269,1.7265106968597437,1.6848075399307727,0.982641574288906,5.38,-0.000600497555117,0.0001655712821991,0.0262824169095217,0.1398283261802576,0.1308154506437769,0.0217909788501052,2026-06-16T22:33:29.092053+00:00,ok,,best_deal,2026-05-20T22:04:39.223183+00:00,,True,8,20.9375,21.42125,1/1,11.9895,11.637,11.435,11.521,11.728,12.507,10.023,24.487,8.941156845573204,-0.0066507503410641,7,3,True,True,True,True,True,True,B,0.6165674603174603,196.0
M4A4 | Magnesium (Factory New),True,True,True,0.2007,2.2075974675108294,189,summary,True,True,True,True,True,8.35,50,0.0214338713858118,0.0172085250188087,181,5.5923750117628135,8.173471171037946,0.9158593966233048,3.62,-0.0700959138089606,-0.0107803945284002,-0.0460321172540768,0.1618509360649947,0.0,-0.0470080008134451,2026-06-16T22:35:27.592443+00:00,ok,,best_deal,2026-04-17T23:15:38.915918+00:00,,True,8,9.52375,9.735,1/1,7.4387,7.226,6.618,7.069,7.485,7.63,3.984,24.547,13.604527672846055,-0.0105550118831257,7,3,True,True,True,True,True,True,B,0.4945436507936508,255.0
Five-SeveN | Capillary (Factory New),True,True,True,0.2078,0.5755423755267676,52,summary,True,True,True,True,True,4.28,31,0.0235598567246463,0.0172043691848598,89,4.517791136168465,10.790426763245348,0.8881145954316686,2.870967741935484,0.0043341213553977,-0.0048905130571782,-0.0388934533488523,0.1424087877599058,0.020400156924284,-0.0725880198635401,2026-06-16T22:30:12.705438+00:00,ok,,best_deal,2026-04-17T11:52:44.821253+00:00,,False,8,4.83875,4.96625,1/1->1/1,2.6783,2.583,2.294,2.488,2.609,2.6876,1.775,13.579,14.69588918343726,-0.013162988772745,7,3,True,True,True,True,True,True,C,0.26190476190476186,375.0
Dual Berettas | Melondrama (Minimal Wear),True,True,True,0.1274,0.5159079980766149,221,summary,True,True,True,True,True,9.03,50,0.0203499587786411,0.0170450658619824,960,5.348932489643564,2.845176856193381,0.9711682620228348,19.2,0.0423618506685596,0.0044048576594035,0.0080243003600379,0.0807129072539448,0.0406402542853898,0.0180052176056397,2026-06-16T22:40:22.155276+00:00,ok,,best_deal,2026-04-17T09:00:07.957196+00:00,,True,8,10.425,10.6375,1/1,8.7868,8.671,8.421,8.558,9.028,9.2408,7.922,11.008,9.329903946829344,-0.0385287055228117,7,3,True,True,True,True,True,True,A,0.8903769841269842,56.0
P90 | Wave Breaker (Factory New),True,True,True,0.1812,0.5103154991092466,106,summary,True,True,True,True,True,7.26,50,0.016903186267936,0.0168964636793054,168,3.699284009546534,2.531537674735771,0.9715898220776736,3.36,-0.0321595400646784,0.003728466442995,0.0267528459044406,0.1364395767588638,0.1032114349359567,0.00437753930595,2026-06-16T22:52:06.969003+00:00,ok,,best_deal,2026-04-18T16:40:49.507148+00:00,,True,8,7.2625,7.387499999999999,1/1,5.866,5.227,5.0785,5.173,5.39,8.473,4.409,11.349,57.86737129219232,0.0337747073498366,7,3,True,True,True,True,True,True,B,0.45436507936507936,276.0
AWP | Ice Coaled (Field-Tested),True,True,True,0.1066,0.6657805276840011,237,summary,True,True,True,True,True,8.68,50,0.0149482847169512,0.0167350363602462,947,5.842590111905696,4.667889454485496,0.9530910220565394,18.94,0.0607734806629833,0.0030903949634047,0.0208378226379601,0.0859375,0.0859375,-0.005736106748391,2026-06-16T22:59:13.654183+00:00,ok,,best_deal,2026-04-17T04:41:48.759675+00:00,,True,8,8.485,8.61375,1/1,9.7046,9.657,9.204,9.336,9.903,10.2514,8.335,15.017,10.792819899841309,0.0254724732949875,7,3,True,True,True,True,True,True,A,0.8874007936507937,57.0
FAMAS | Djinn (Field-Tested),True,True,True,0.0731,0.2927466390433941,76,summary,True,True,True,True,True,12.99,50,0.0235232150841214,0.0166796971606819,169,5.062715525408309,6.320815491303192,0.9372224313135116,3.38,0.0253728452450126,0.0032211989096011,0.0082173698185317,0.0615035889686437,0.0309784661881375,-0.0268554576188285,2026-06-16T22:30:46.089394+00:00,ok,,best_deal,2026-04-17T10:04:04.181552+00:00,,True,8,13.9775,14.325,1/1,13.1945,13.285,12.451,12.894,13.562,13.876,11.444,14.569,10.79995452650725,-0.0006040927282338,7,3,True,True,True,True,True,True,B,0.4573412698412698,274.0
UMP-45 | K.O. Factory (Minimal Wear),True,True,True,0.205,0.5437998995030986,195,summary,True,True,True,True,True,8.09,50,0.0270896712038139,0.0166483382209188,635,3.7728304612527146,3.7663811784129697,0.9621467461757842,12.7,0.0367105263157894,0.001017584604256,0.0093498118529673,0.0892879807082117,0.0415027287726868,0.0121602707628123,2026-06-16T22:22:29.142899+00:00,ok,,best_deal,2026-04-18T21:32:15.985423+00:00,,True,8,9.04375,9.30125,1/1,7.7528,7.714,7.422,7.608,7.9005,8.125,4.951,12.951,9.067691672686,0.0209926137099909,7,3,True,True,True,True,True,True,A,0.7956349206349206,104.0
★ Driver Gloves | Overtake (Field-Tested),True,True,True,0.117,0.3895630015343249,282,summary,True,True,True,True,True,58.24,50,0.017840979904608,0.0165625237750933,172,7.371775375342167,9.660049216136253,0.90203500802647,3.44,-0.0041728244805702,-0.0022089468918446,0.0017509979801089,0.1052233376982394,0.0319220136767059,-0.0658118528544621,2026-06-16T22:48:39.966935+00:00,ok,,best_deal,2026-05-21T02:18:02.759076+00:00,,True,8,72.35625,73.675,1/1,72.334,71.3265,64.339,68.455,73.7873,78.039,57.201,116.242,18.939917604446045,-0.0368148885182952,7,3,True,True,True,True,True,True,B,0.4613095238095238,273.0
AK-47 | Ice Coaled (Factory New),True,True,True,0.2124,2.0350132184266947,400,summary,True,True,True,True,True,21.59,50,0.0190018903542292,0.0163524877842249,411,4.36180884753831,2.822636165148811,0.9715122338577596,8.22,0.0235730170496664,0.0089641826108146,0.0206234807955281,0.0633932020084974,0.0448532251834684,0.0100701471238136,2026-06-16T22:45:44.671811+00:00,ok,,best_deal,2026-04-17T00:44:16.243740+00:00,,True,8,21.6125,22.03125,1/1,20.3356,20.149,19.575,19.839,20.726,21.191,17.583,25.473,7.946655126969452,0.0369480324421747,7,3,True,True,True,True,True,True,A,0.7296626984126984,137.0
Glock-18 | Moonrise (Factory New),True,True,True,4.1466,82.93289955266368,400,summary,True,True,True,True,True,4.35,50,0.0156692461955316,0.0156456456456456,378,3.727947804438344,3.9704683006395785,0.9585573476702508,7.56,-0.055185741893923,-0.0001665975288062,0.0017242767782179,0.0643181818181819,0.005909090909091,-0.0053859615173211,2026-06-16T22:56:37.997280+00:00,ok,,best_deal,2026-04-17T19:12:16.283702+00:00,,True,8,4.39375,4.46375,1/1,4.6594,4.464,4.279,4.3933,4.567,4.697,3.789,18.764,8.971112160364,0.0059442158207592,7,3,True,True,True,True,True,True,A,0.7197420634920635,142.0
FAMAS | Rapid Eye Movement (Minimal Wear),True,True,True,0.0945,0.47685132047121676,228,summary,True,True,True,True,True,9.06,50,0.0170487685700289,0.0154020061578977,964,5.052835586728815,2.911725347238242,0.9705861787670436,19.28,0.035802614533035,0.0026776443111897,0.0080216261184475,0.0724275156338827,0.0463899943149516,0.0140728741108724,2026-06-16T22:51:02.833122+00:00,ok,,best_deal,2026-04-17T10:55:14.438995+00:00,,True,8,9.09,9.25,1/1,8.6684,8.581,8.3286,8.456,8.894,9.179,4.583,9.562,9.810345623183062,-0.0253767730496452,7,3,True,True,True,True,True,True,A,0.8923611111111112,55.0
MAC-10 | Disco Tech (Field-Tested),True,True,True,0.0955,0.9095283926852743,363,summary,True,True,True,True,True,5.81,50,0.0161585543605337,0.0150648301173142,537,5.490327290424636,3.4919089913614734,0.964844587352626,10.74,0.0474664224664225,0.0112458399043109,0.0248332997249418,0.0788285006556899,0.0788285006556899,0.0026328263851508,2026-06-16T22:55:00.779029+00:00,ok,,best_deal,2026-04-18T01:54:10.555879+00:00,,True,8,5.975,6.07375,1/1,6.5752,6.531,6.3014,6.366,6.727,6.916,5.478,8.41,9.347244190290796,0.0519619865113427,7,3,True,True,True,True,True,True,A,0.7733134920634921,115.0
AWP | Chrome Cannon (Field-Tested),True,True,True,0.0916,0.46228415631626785,364,summary,True,True,True,True,True,30.97,50,0.0175037828033718,0.0149339399666162,687,2.9119672551678293,2.8076663951085776,0.9717958883162484,13.74,-0.00732002590163,0.0025411915425774,0.0065008246381061,0.0332113786550951,0.0246745511784224,0.0127970685227466,2026-06-16T22:49:59.822288+00:00,ok,,best_deal,2026-04-17T03:53:35.341114+00:00,,True,8,35.855,36.48875,1/1,35.4743,35.314,34.318,34.873,35.906,36.7012,31.036,43.979,6.71810296468148,-0.0080740448995667,7,3,True,True,True,True,True,True,A,0.8095238095238095,97.0
StatTrak™ Five-SeveN | Monkey Business (Field-Tested),True,True,True,0.1624,0.4727206423598214,62,summary,True,True,True,True,True,13.26,50,0.0146417840902769,0.0148974005787927,64,5.307214587737845,9.347251585623678,0.9057805007991476,1.28,0.0915041880763003,0.0081770198682089,0.0195643379890708,0.0878313019926483,0.0870897014251627,-0.0716720348259508,2026-06-16T23:00:57.196041+00:00,ok,,best_deal,2026-05-11T15:06:01.686495+00:00,,True,8,13.75,13.95375,1/1,15.136,15.016,13.6012,14.6255,15.4288,15.9144,11.909,22.356,15.282769556025372,0.0249851279000594,7,3,True,True,True,True,True,True,C,0.09250992063492064,459.0
StatTrak™ M4A1-S | Emphorosaur-S (Factory New),True,True,True,0.1538,0.5359684157370425,149,summary,True,True,True,True,True,7.51,50,0.0194781763965603,0.0148876328982915,164,6.608260963821623,9.81292321817973,0.9018307074057536,3.28,-0.0601106639839034,-0.0090476833191001,-0.0219362615982302,0.0726518597805725,0.0,-0.0660221804049735,2026-06-16T22:42:30.608476+00:00,ok,,best_deal,2026-05-11T21:18:38.402549+00:00,,True,8,7.58625,7.7375,1/1,7.8417,7.8385,7.069,7.4548,7.973,8.4295,4.207,14.233,17.349554305826555,-0.0506795376603581,7,3,True,True,True,True,True,True,B,0.44022817460317465,283.0
M4A1-S | Black Lotus (Field-Tested),True,True,True,0.2711,5.352140856342537,400,summary,True,True,True,True,True,5.89,50,0.0146791149565391,0.0148148248504291,6088,3.3408343430846394,3.098494028042241,0.96891281695033,121.76,-0.0649437825138445,-0.0088601064198765,-0.0249835256958239,0.0751974156496768,0.0,0.0254753122713123,2026-06-16T23:00:23.194091+00:00,ok,,best_deal,2026-04-17T21:17:13.884363+00:00,,True,8,6.2775,6.37,1/1,5.777,5.758,5.579,5.686,5.879,5.978,5.49,6.378,6.906698978708673,-0.0369858278603525,7,3,True,True,True,True,True,True,A,1.0,1.0
MP7 | Bloodsport (Minimal Wear),True,True,True,0.1479,0.5140563164171394,189,summary,True,True,True,True,True,49.78,50,0.0146763126417692,0.0144130492077789,213,5.156278263849878,6.168112189038141,0.9381333435190314,4.26,0.0068961597484038,0.0034304150439396,-0.0059210550808533,0.096703482793008,0.0435396165352702,-0.0325850943655374,2026-06-16T23:00:42.184934+00:00,ok,,best_deal,2026-04-18T05:27:33.699713+00:00,,True,8,56.11375,56.94875,1/1,52.5185,52.361,49.1216,50.639,53.347,56.713,25.013,67.036,14.454715957234118,0.0455216099777704,7,3,True,True,True,True,True,True,B,0.5550595238095238,224.0
M4A4 | Tooth Fairy (Minimal Wear),True,True,True,0.136,0.3898102731548741,211,summary,True,True,True,True,True,6.34,50,0.0171040299089061,0.0139731032338307,927,5.721323850768796,5.416716330936202,0.9458708311275807,18.54,0.0244854029328669,0.0059001623344159,0.0182755440616786,0.074720945502298,0.058043335521996,-0.0112446422128008,2026-06-16T22:50:49.130363+00:00,ok,,best_deal,2026-04-18T00:17:53.468482+00:00,,True,8,8.13,8.272499999999999,1/1,7.5507,7.556,7.147,7.328,7.76,7.96,6.673,8.744,10.76721363582184,-0.0164040299664168,7,3,True,True,True,True,True,True,A,0.8804563492063492,61.0
AWP | Exoskeleton (Battle-Scarred),True,True,True,0.1654,0.6960515540997615,105,summary,True,True,True,True,True,4.75,50,0.0048204787155676,0.0137040708880089,353,7.026599351970467,5.674026071886062,0.9427594070695554,7.06,0.0625365283459964,0.0066293505235097,0.0166635340456389,0.0896589658965896,0.0777411074440776,-0.0337930811671912,2026-06-16T23:50:11.027932+00:00,ok,,best_deal,2026-04-17T03:57:51.697568+00:00,,True,8,5.52375,5.55375,1/1,5.3084,5.262,4.9608,5.095,5.468,5.698,4.656,10.035,13.88742370582474,-0.0117774959231745,7,3,True,True,True,True,True,True,A,0.6994047619047619,151.0
Zeus x27 | Charged Up (Factory New),True,True,True,0.1651,0.5720644210125065,205,summary,True,True,True,True,True,37.85,50,0.0062121026794267,0.0135884876133699,51,5.579753918545116,4.479988901188799,0.9547709366793112,1.02,-0.0524435738257449,-0.0114522159327036,-0.0288668180348106,0.1224120633569452,0.0,-0.0324807589435288,2026-06-16T23:42:44.387254+00:00,ok,,best_deal,2026-05-20T22:04:30.589905+00:00,,True,8,41.67125,41.98125,1/1,34.5983,34.27,32.72,33.151,35.0815,36.71,29.707,47.349,11.53235852628598,-0.0127854977640385,7,3,True,True,True,True,True,True,C,0.011904761904761904,499.0
AK-47 | Searing Rage (Field-Tested),True,True,True,0.148,1.374727515645876,400,summary,True,True,True,True,True,5.53,50,0.0141421665434247,0.0129162283523808,4072,2.4289918797205856,1.89709584766498,0.9809540761836952,81.44,0.0187861271676301,1.0401513343971658e-05,0.0089844896096258,0.0446808510638299,0.0391843971631205,0.0334939677289184,2026-06-16T23:02:55.228654+00:00,ok,,best_deal,2026-04-17T01:42:40.243803+00:00,,True,8,6.54,6.635,1/1,5.6402,5.618,5.511,5.558,5.695,5.786,5.425,6.294,4.875713627176332,0.0080428954423592,7,3,True,True,True,True,True,True,A,0.9920634920634921,5.0
Desert Eagle | Heat Treated (Minimal Wear),True,True,True,0.5113,6.631225517627309,400,summary,True,True,True,True,True,3.35,50,0.0101847221956384,0.0125817658289255,814,9.099185215530976,3.798534298329466,0.959773439382984,16.28,-0.0055624227441285,0.0016475045577858,0.0052306379580795,0.1198259788688625,0.0249844623990055,-0.0030497460247987,2026-06-16T23:20:21.403776+00:00,ok,,best_deal,2026-04-17T06:57:49.528463+00:00,,True,8,3.52125,3.5575,1/1,4.3938,4.149,3.9821,4.0222,4.422,4.7627,2.663,32.171,17.765942919568477,-0.0664887444882803,7,3,True,True,True,True,True,True,A,0.8472222222222222,78.0
StatTrak™ M4A4 | Tooth Fairy (Minimal Wear),True,True,True,0.1393,0.4223002945455837,108,summary,True,True,True,True,True,12.53,50,0.0136145037126733,0.0124398547796995,176,4.868814392623916,4.385337718671053,0.9559808612440192,3.52,-0.0312226633470157,0.0022143001406258,0.010293301472785,0.1123845245537265,0.0655692158088491,-0.0171361047778095,2026-06-16T23:05:53.081376+00:00,ok,,best_deal,2026-05-11T22:29:56.468492+00:00,,True,8,16.03375,16.2575,1/1,14.6853,14.63,13.986,14.356,15.071,15.6325,7.116,20.997,11.211892164273117,-0.0159934385892966,7,3,True,True,True,True,True,True,B,0.47470238095238093,265.0
MP9 | Ruby Poison Dart (Factory New),True,True,True,0.177,0.560476259619573,146,summary,True,True,True,True,True,8.83,50,0.0163629863737953,0.0120452810224901,133,11.499032002390756,6.90721515533437,0.9281135902636918,2.66,-0.0374863685932388,-0.0215159367126304,-0.0239586804802847,0.1220790256337629,0.0014162299957512,-0.0414395434716601,2026-06-16T22:54:32.042498+00:00,ok,,best_deal,2026-04-18T07:40:46.553121+00:00,,True,8,8.96,9.10875,1/1,7.6963,7.395,6.8634,7.035,7.92,8.188,5.64,23.895,17.2108675597365,-0.0245890316342035,7,3,True,True,True,True,True,True,B,0.37648809523809523,315.0
AK-47 | Head Shot (Battle-Scarred),True,True,True,0.1654,1.1751932457178047,71,summary,True,True,True,True,True,30.57,50,0.015888646186341,0.0119442334447933,367,12.442247639686146,9.992756225689217,0.900833635375136,7.34,0.076054338356297,-0.0028825142307523,-0.0056854854267858,0.1395585942185438,0.0910999160369437,-0.0656155950577963,2026-06-16T22:56:07.907776+00:00,ok,,best_deal,2026-04-17T00:42:53.838513+00:00,,True,8,31.52,32.045,1/1,32.8558,33.108,29.8248,30.469,34.557,36.4936,26.701,37.929,20.29717736290092,-0.0453998969485315,7,3,True,True,True,True,True,True,A,0.7123015873015873,145.0
★ Driver Gloves | King Snake (Field-Tested),True,True,True,0.2809,0.6843047059624419,400,summary,True,True,True,True,True,151.4,50,0.0143974523470974,0.0118954245520425,50,15.450556993620024,7.56867988619734,0.9192628687223198,1.0,-0.0166342240311447,-0.0052709833972661,-0.0156421258839806,0.3085691470217742,0.0,-0.0552687466015963,2026-06-16T23:02:17.809559+00:00,ok,,best_deal,2026-05-21T02:16:49.189505+00:00,,True,8,193.78875,196.6225,1/1,204.2483,191.472,176.0131,179.3175,210.875,244.7235,133.457,402.117,33.64062271264926,-0.0832963883246898,7,3,True,True,True,True,True,True,C,0.00496031746031746,503.0
★ Gut Knife | Doppler (Factory New),True,True,True,0.6011,2.273241134028316,332,summary,True,True,True,True,True,336.0,50,0.0134317585438142,0.0118166270801995,119,7.917786170806158,5.797596895782557,0.9382791200678664,2.38,-0.0450678964898796,-0.0057466315826061,-0.0351856050443185,0.1377679697351827,0.0,-0.0339658764084582,2026-06-16T23:06:48.336333+00:00,ok,,best_deal,2026-05-21T04:03:04.243216+00:00,,True,8,230.24625,233.33875,1/1,164.3957,154.421,144.89,149.431,162.4475,183.9446,138.931,389.969,23.75646078334167,-0.0215273949226851,7,3,True,True,True,True,True,True,C,0.33382936507936506,339.0
Tec-9 | Fuel Injector (Field-Tested),True,True,True,0.0873,0.9278198687633977,270,summary,True,True,True,True,True,11.71,50,0.0133608485794108,0.0117341061600629,239,3.348779547498996,3.357850733632168,0.9664374763883644,4.78,0.0268114841257784,0.0049462409621701,0.0273032127765775,0.0885790369110141,0.0885790369110141,-0.0049791019885003,2026-06-16T23:07:24.683388+00:00,ok,,best_deal,2026-04-18T19:40:31.116905+00:00,,True,8,12.76,12.9275,1/1,13.2287,13.235,12.7908,13.0565,13.4995,13.645,9.902,14.973,6.457172662468713,0.0191481341877119,7,3,True,True,True,True,True,True,B,0.5858134920634921,209.0
Glock-18 | Shinobu (Battle-Scarred),True,True,True,3.2115,63.51727177398521,391,summary,True,True,True,True,True,4.62,50,0.0181687449062231,0.0117065662089358,1240,4.44924944904153,4.927439810387129,0.950542570951586,24.8,0.0251883745963401,0.004961845124885,0.0162625789871952,0.0758084838303233,0.0480890382192354,-0.0028732590783835,2026-06-16T22:47:29.897631+00:00,ok,,best_deal,2026-04-17T19:22:30.705000+00:00,,True,8,56.55375,58.62375,1/1,4.8098,4.792,4.555,4.703,4.917,5.018,4.228,5.519,9.626179882739407,-0.0094643785751431,7,3,True,True,True,True,True,True,A,0.9146825396825397,44.0
P2000 | Wicked Sick (Battle-Scarred),True,True,True,0.1593,0.5909816204716032,79,summary,True,True,True,True,True,3.28,50,0.0129053455848946,0.0115694489203995,947,9.386523633925574,7.179573136663317,0.9279102384291724,18.94,-0.0339951047049225,0.0045070242093956,-0.0023357688215689,0.0948761261261261,0.0416666666666667,-0.0328958827022258,2026-06-16T23:09:41.672313+00:00,ok,,best_deal,2026-04-18T12:27:34.716715+00:00,,True,8,3.35,3.39375,1/1,3.5796,3.565,3.308,3.435,3.771,3.84,2.855,4.727,14.8619957537155,-0.0505212510024057,7,3,True,True,True,True,True,True,A,0.8874007936507937,58.0
MP5-SD | Phosphor (Field-Tested),True,True,True,0.0822,0.28220967956979676,96,summary,True,True,True,True,True,4.74,50,0.0149342312279166,0.0114876443001442,448,11.811498366267315,7.474327057725231,0.9250585023400936,8.96,-0.028892455858748,-0.0096358730738186,-0.0282850453146399,0.1334710743801652,0.0,-0.0398438525808617,2026-06-16T22:59:31.081862+00:00,ok,,best_deal,2026-04-18T05:18:33.556401+00:00,,True,8,4.93875,5.01375,1/1,5.1416,5.128,4.7437,4.8617,5.469,5.579,3.961,5.907,16.24591566827447,-0.1177542836310608,7,3,True,True,True,True,True,True,A,0.7415674603174603,131.0
Glock-18 | Shinobu (Field-Tested),True,True,True,0.1114,0.9814031219997867,400,summary,True,True,True,True,True,5.49,50,0.0111816385859219,0.010948905109489,3147,3.550783059162561,2.264267458016702,0.977198134392814,62.94,0.0253629525975163,0.0026462250668848,0.016380053875634,0.0605595359945411,0.0540771067894916,0.0246544166444682,2026-06-16T23:15:27.484035+00:00,ok,,best_deal,2026-04-17T19:22:40.951323+00:00,,True,8,5.415,5.47625,1/1,5.8297,5.789,5.657,5.706,5.913,6.026,5.459,6.449,6.329656757637611,0.0177083333333334,7,3,True,True,True,True,True,True,A,0.9880952380952381,7.0
FAMAS | Yeti Camo (Factory New),True,True,True,0.2081,0.736608878177719,300,summary,True,True,True,True,True,4.06,50,0.0141406841164426,0.0109314567400473,706,3.830791575889621,3.812636165577357,0.9616788321167882,14.12,-0.0682288077188145,-0.0048091399334925,-0.0089694606854781,0.1623520710059171,0.0576923076923077,-0.0003946417160272,2026-06-16T23:03:08.231160+00:00,ok,,best_deal,2026-04-17T11:12:43.292213+00:00,,True,8,5.17375,5.255,1/1,2.754,2.74,2.635,2.678,2.7835,2.809,2.278,5.955,6.318082788671038,0.012923768495973,7,3,True,True,True,True,True,True,A,0.8169642857142858,94.0
P250 | Cartel (Field-Tested),True,True,True,0.0986,0.6717209411949562,57,summary,True,True,True,True,True,9.38,50,0.0193981404566976,0.0109237688922735,79,6.876218417649446,5.472022235518927,0.9447045055588064,1.58,0.0140358119614016,0.0021255706070472,-0.0015592603238289,0.1341407561956134,0.0324156531474225,-0.027089687779227,2026-06-16T22:42:50.486566+00:00,ok,,best_deal,2026-04-18T12:36:06.234568+00:00,,True,8,9.82875,10.03,1/1,10.3618,10.254,9.687,9.9215,10.634,11.0734,8.938,14.515,13.379914686637456,-0.0815143725169431,7,3,True,True,True,True,True,True,C,0.169890873015873,418.0
USP-S | Ticket to Hell (Factory New),True,True,True,0.2039,0.643699002719855,350,summary,True,True,True,True,True,3.59,50,0.0100989048347538,0.0107816711590296,1189,4.128907716231431,7.078127513539595,0.930232558139535,23.78,-0.0792571279100182,-0.0132123727006413,-0.0262506690385947,0.1056818181818181,0.0,-0.0328003442598412,2026-06-16T23:20:36.153943+00:00,ok,,best_deal,2026-04-19T08:48:57.450504+00:00,,True,8,3.675,3.7125,2/2,3.7298,3.784,3.52,3.662,3.816,3.823,3.406,3.875,8.123759987130676,-0.0702588483888008,7,3,True,True,True,True,True,True,A,0.9087301587301587,47.0
P250 | Mint Kimono (Field-Tested),True,True,True,0.0549,0.1366983213031907,19,summary,True,True,True,True,True,10.6,34,0.0177877965277807,0.0107632093933464,82,5.015078995933921,8.357214661885392,0.9179373848987108,2.411764705882353,0.0339751288110641,0.0084821069337267,0.0399970548829951,0.1839640314724614,0.1388535031847133,-0.0551247686473799,2026-06-16T22:48:54.393361+00:00,ok,,best_deal,2026-04-18T13:35:58.060583+00:00,,False,8,10.02875,10.21,1/1->1/1,13.3298,13.575,12.461,13.0872,13.7557,13.941,9.575,14.339,11.102942279704124,-0.0356613794847706,7,3,True,True,True,True,True,True,C,0.2214781746031746,394.0
USP-S | Cortex (Battle-Scarred),True,True,True,0.1262,0.4636825199461195,95,summary,True,True,True,True,True,3.72,50,0.0107655728335412,0.0107384291624025,711,4.092490280335587,4.68078575813382,0.9532567049808428,14.22,-0.016567434636293,0.0015975533517484,0.0043418555257233,0.0931824164253751,0.0394840747565148,-0.0123939916991059,2026-06-16T23:17:49.640634+00:00,ok,,best_deal,2026-04-18T22:26:40.363866+00:00,,True,8,3.68375,3.72375,1/1,3.9096,3.915,3.732,3.815,3.975,4.078,3.437,4.533,8.850010231225703,-0.0509617786660004,7,3,True,True,True,True,True,True,A,0.8209325396825398,91.0
StatTrak™ AK-47 | Slate (Field-Tested),True,True,True,0.0991,1.2118570183086312,394,summary,True,True,True,True,True,14.52,50,0.0095218456205912,0.0106883515834104,396,5.618107214376802,4.839016845665083,0.9502373887240356,7.92,-0.0362724859923325,-0.0026007454438198,-0.0149263442455866,0.0785189718482252,0.0,-0.0198610257485371,2026-06-16T23:23:59.082532+00:00,ok,,best_deal,2026-05-11T09:05:11.104114+00:00,,True,8,14.6875,14.82875,1/1,17.3279,16.85,16.0115,16.4615,17.435,18.418,13.763,72.775,13.88800720225762,-0.0273809523809523,7,3,True,True,True,True,True,True,A,0.7256944444444444,140.0
AWP | Black Nile (Battle-Scarred),True,True,True,0.2208,1.2522483550010246,219,summary,True,True,True,True,True,3.59,50,0.0136358951514929,0.0103149865633099,238,8.50285714285714,4.925714285714286,0.948059773439383,4.76,-0.0333488805970151,-0.0051322328219765,-0.0048229339744314,0.1001206272617611,0.0330518697225572,-0.0204127980371857,2026-06-16T23:05:38.153017+00:00,ok,,best_deal,2026-04-17T03:51:11.385194+00:00,,True,8,4.3375,4.3975,1/1,4.375,4.149,3.9335,4.009,4.381,4.575,3.373,13.441,14.662857142857147,-0.0097945532728142,7,3,True,True,True,True,True,True,B,0.5838293650793651,211.0
AK-47 | Crossfade (Factory New),True,True,True,0.2316,1.1036937319047706,355,summary,True,True,True,True,True,8.54,50,0.0104529167924365,0.0100748562895874,314,6.406354464989566,5.902427828724815,0.9408115274928704,6.28,-0.0595238095238095,-0.0103828090249698,-0.0153006515082655,0.1045088398368029,0.0149597238204832,-0.0313287339085509,2026-06-16T23:19:03.914894+00:00,ok,,best_deal,2026-04-17T00:38:27.816367+00:00,,True,8,12.77875,12.91375,1/1,10.0213,9.9935,9.402,9.686,10.328,10.7381,7.56,13.743,13.332601558680013,-0.0821891502640422,7,3,True,True,True,True,True,True,B,0.6626984126984127,170.0
AK-47 | Nouveau Rouge (Battle-Scarred),True,True,True,0.1623,0.5531360269574338,68,summary,True,True,True,True,True,10.92,50,0.0208168528986733,0.0100182149362477,906,1.7949415284199175,2.164808267609482,0.978423506451263,18.12,-0.0481012658227849,-0.0043680096478656,-0.0199937764463656,0.0615026595744682,0.0,0.0247985279813801,2026-06-16T22:37:11.916978+00:00,ok,,best_deal,2026-04-17T00:50:28.985374+00:00,,True,8,11.54375,11.79,1/1,9.1925,9.223,9.024,9.123,9.288,9.33,6.931,10.164,3.32880065270602,-0.0284237726098192,7,3,True,True,True,True,True,True,A,0.8745039682539683,64.0
★ Hand Wraps | Overprint (Field-Tested),True,True,True,0.0589,0.19035200764786053,325,summary,True,True,True,True,True,114.88,50,0.0165139713462809,0.0098157318071891,65,5.691365184160831,3.882024059121799,0.9603279286398104,1.3,0.0075842784390913,-0.0005476395502687,-0.0019175628671882,0.0699424026542843,0.0188451073264133,-0.0150717125245852,2026-06-16T22:53:16.919863+00:00,ok,,best_deal,2026-05-21T05:27:32.464330+00:00,,True,8,118.90875,120.9925,1/1,134.502,131.614,126.3926,128.376,136.031,149.5772,114.1,178.244,17.237364500156133,-0.0012387832051966,7,3,True,True,True,True,True,True,C,0.09995039682539683,454.0
Galil AR | Rocket Pop (Factory New),True,True,True,2.1656,21.662688602847158,99,summary,True,True,True,True,True,18.06,50,0.0045390934030964,0.0096782302664656,69,9.20062714975024,5.626116654715163,0.9418503862822688,1.38,-0.0585888657338494,-0.0176182037785976,-0.0219542866995776,0.1405983176269686,0.038517487824932,-0.044190534002925,2026-06-16T23:52:34.275919+00:00,ok,,best_deal,2026-04-17T17:36:32.272622+00:00,,True,8,19.43375,19.51625,1/1,16.4554,15.921,14.9952,15.37,16.884,18.1092,13.183,26.205,18.92387909136211,0.0147615685771131,7,3,True,True,True,True,True,True,C,0.12946428571428573,440.0
MAC-10 | Neon Rider (Minimal Wear),True,True,True,1.1845,14.328575211076068,146,summary,True,True,True,True,True,125.13,50,0.0088479651553201,0.0094194653693241,86,10.659831114911302,8.252013508511675,0.9179651009391512,1.72,-0.0270990655374809,-0.0032451242970711,-0.0010345010131728,0.1078650240569223,0.0498033654687618,-0.0649807918491126,2026-06-16T23:27:40.348076+00:00,ok,,best_deal,2026-04-18T02:07:47.712605+00:00,,True,8,126.89375,128.02625,1/1,139.4084,140.233,128.729,133.392,148.2527,148.7375,86.113,152.951,14.35243500391655,-0.0018005747577246,7,3,True,True,True,True,True,True,C,0.20188492063492064,404.0
StatTrak™ SG 553 | Pulse (Field-Tested),True,True,True,0.1767,0.5158162948231931,156,summary,True,True,True,True,True,4.33,50,0.0046167313272984,0.0093797547269342,67,7.538012990847359,7.798198996161797,0.9211567164179104,1.34,-0.0473399458972046,0.0029275335891057,-0.0093834151716907,0.0766682442025556,0.0186464742072881,-0.0659809414861167,2026-06-16T23:51:52.915484+00:00,ok,,best_deal,2026-05-12T10:57:58.671978+00:00,,True,8,4.54375,4.5675,1/1,5.4192,5.36,4.9374,5.162,5.5705,5.98,2.697,8.927,19.23900206672572,0.0190007716049382,7,3,True,True,True,True,True,True,C,0.11631944444444443,447.0
XM1014 | XOXO (Field-Tested),True,True,True,0.1331,1.3107934895644393,249,summary,True,True,True,True,True,3.88,50,0.0113830468429617,0.0093295272575367,429,9.58727136737608,3.331746787244155,0.9658932714617172,8.58,0.0306400363141172,-0.0044656985479226,0.0194800388898654,0.1142920061660427,0.1050429420832416,-0.0023071108479089,2026-06-16T23:14:35.679755+00:00,ok,,best_deal,2026-04-19T09:57:12.076661+00:00,,True,8,4.07125,4.1175,1/2,4.4121,4.31,4.163,4.21,4.633,4.7312,3.643,5.476,12.878221255184608,0.0348678213309026,7,3,True,True,True,True,True,True,A,0.7336309523809523,135.0
StatTrak™ P90 | Wave Breaker (Factory New),True,True,True,0.1765,0.5604266473831689,112,summary,True,True,True,True,True,6.87,50,0.0115626484510506,0.0090925788026823,50,11.474662652100047,7.706862975291076,0.9152490886998784,1.0,0.0086929998474911,0.0077558148703845,-0.0053314756591441,0.1777290595706078,0.0881463562140913,-0.0594853813885805,2026-06-16T23:13:54.146937+00:00,ok,,best_deal,2026-05-12T07:34:24.308373+00:00,,True,8,8.0875,8.2025,1/1,7.2403,6.584,6.026,6.2992,7.13,8.6715,5.45,20.223,36.53854122066765,-0.0822174425865538,7,3,True,True,True,True,True,True,C,0.00496031746031746,502.0
AK-47 | Emerald Pinstripe (Field-Tested),True,True,True,0.4367,7.573808345703447,322,summary,True,True,True,True,True,3.08,50,0.0096706573248716,0.008851170176763,850,7.857052338106696,5.575972627043458,0.944073721004131,17.0,-0.0287303058387395,-0.0096030028641514,-0.0077035190220221,0.0912849872773538,0.0413486005089059,-0.0209836188434968,2026-06-16T23:22:50.254380+00:00,ok,,best_deal,2026-04-17T00:39:19.796292+00:00,,True,8,3.4825,3.515,1/1,3.1564,3.147,2.971,3.028,3.276,3.3732,2.618,4.125,12.742364719300472,0.0294695481335953,7,3,True,True,True,True,True,True,A,0.8571428571428571,73.0
G3SG1 | Dream Glade (Factory New),True,True,True,0.1919,0.5793865943762293,159,summary,True,True,True,True,True,6.2,50,0.0112104275205162,0.0087163232963549,272,4.414531770154866,7.933492545954558,0.9202147016011644,5.44,-0.0643382352941177,-0.0107438480626779,-0.0079857911680556,0.1395874263261296,0.0357563850687621,-0.0519467805918331,2026-06-16T23:15:08.587895+00:00,ok,,best_deal,2026-04-17T13:01:54.946101+00:00,,True,8,6.315,6.38625,1/1,5.5272,5.496,5.0575,5.347,5.591,5.667,4.257,12.046,11.02728325372702,-0.0763926692070404,7,3,True,True,True,True,True,True,B,0.6205357142857143,193.0
StatTrak™ AWP | Duality (Battle-Scarred),True,True,True,0.216,0.6453367993108347,54,summary,True,True,True,True,True,5.98,50,0.0138828231845467,0.0084789940862113,228,3.5036903910244126,5.231107466280459,0.9482702096454146,4.56,-0.0177739430543572,-0.0014595054266066,-0.0097400249883211,0.0423401264933239,0.0075544624033731,-0.0235267556466167,2026-06-16T23:05:06.004942+00:00,ok,,best_deal,2026-05-11T10:10:32.341810+00:00,,True,8,5.8925,5.97625,1/1,5.7311,5.7955,5.4957,5.6762,5.877,5.9328,3.444,6.294,7.62680811711539,-0.0336162988115449,7,3,True,True,True,True,True,True,B,0.5739087301587301,215.0
PP-Bizon | High Roller (Field-Tested),True,True,True,0.0677,0.23132945823817125,84,summary,True,True,True,True,True,9.87,50,0.023777958950398,0.0084031673747877,205,5.352507203582609,7.086719537543374,0.928734188570916,4.1,0.0260205958072821,0.0062450238818372,0.011517288664709,0.1570481225916301,0.0523344385697644,-0.032937832903077,2026-06-16T22:29:37.959663+00:00,ok,,best_deal,2026-04-19T02:56:10.889460+00:00,,True,8,11.0325,11.30125,2/2,11.2097,11.147,10.3526,10.827,11.427,12.617,8.338,12.976,20.200362186320778,0.0026956599874203,7,3,True,True,True,True,True,True,B,0.5461309523809524,228.0
AK-47 | Inheritance (Field-Tested),True,True,True,0.0951,0.3098263267104404,400,summary,True,True,True,True,True,50.33,50,0.0096589429144261,0.0083638601370869,1246,2.726457748674776,2.59393514187715,0.97397951204254,24.92,0.0058630030959752,0.0047875002338042,0.0042256035969141,0.039628340034242,0.0323182578920031,0.0119922914396257,2026-06-16T23:23:05.714085+00:00,ok,,best_deal,2026-04-17T00:44:49.931467+00:00,,True,8,50.2475,50.7375,1/1,51.312,51.152,49.821,50.562,51.961,52.899,48.521,57.112,5.998596819457442,0.0095354618193117,7,3,True,True,True,True,True,True,A,0.9166666666666666,43.0
P2000 | Wicked Sick (Minimal Wear),True,True,True,0.201,0.5049634209424342,174,summary,True,True,True,True,True,6.73,50,0.0075716632665433,0.0082241269220509,885,2.4451939291736986,2.1781899943788683,0.9781813063063064,17.7,0.0224766751484308,0.0033158335877265,0.0189328735236591,0.0725839900456241,0.0725839900456241,0.0112265954534846,2026-06-16T23:36:27.823088+00:00,ok,,best_deal,2026-04-18T12:27:48.467385+00:00,,True,8,8.505,8.5775,1/1,7.116,7.104,6.949,7.039,7.213,7.3556,5.778,11.194,5.713884204609332,0.014446002805049,7,3,True,True,True,True,True,True,A,0.8685515873015873,68.0
Galil AR | Sky Mandala (Factory New),True,True,True,0.1972,3.5220588235294117,319,summary,True,True,True,True,True,3.04,50,0.0176809210526315,0.0082236842105263,741,7.2369428702711,3.6759074896614967,0.9623529411764709,14.82,-0.0708065126845891,-0.0171847385936396,-0.0105012246530792,0.1613691931540341,0.0419722901385493,0.0049059757392496,2026-06-16T22:49:09.207224+00:00,ok,,best_deal,2026-04-17T17:39:49.553011+00:00,,True,8,2.98625,3.04,1/1,2.6116,2.55,2.454,2.523,2.712,2.747,2.282,5.804,11.219175984071056,-0.0308056872037914,7,3,True,True,True,True,True,True,A,0.8249007936507937,89.0
Glock-18 | Vogue (Field-Tested),True,True,True,0.0955,0.45614368526085713,400,summary,True,True,True,True,True,4.0,50,0.0119753357048687,0.008118738480864,2704,4.3572492888427234,3.792838759199895,0.9618528610354224,54.08,-0.0346833743566794,-0.0033674170226594,-0.0049372417062931,0.0623551228558183,0.0141400092721372,0.0088668267445674,2026-06-16T23:12:34.352065+00:00,ok,,best_deal,2026-04-17T19:27:21.581271+00:00,,True,8,4.43,4.4825,1/1,4.4294,4.404,4.236,4.304,4.497,4.669,3.875,4.919,9.775590373414,-0.0320843616782589,7,3,True,True,True,True,True,True,A,0.9761904761904762,13.0
AK-47 | Midnight Laminate (Minimal Wear),True,True,True,0.182,2.020573888294973,400,summary,True,True,True,True,True,12.32,50,0.0099097389718679,0.0079233524547849,1510,4.473718836833111,4.179598913304275,0.9581849155954778,30.2,-0.0746004860446277,-0.002982507880414,-0.0103593884934273,0.0887314976921852,0.0081171414929174,-0.0020031582808059,2026-06-16T23:21:22.065149+00:00,ok,,best_deal,2026-04-17T00:48:42.761738+00:00,,True,8,16.48375,16.64375,1/1,12.9199,12.914,12.374,12.568,13.146,13.519,11.943,15.969,8.862297695802596,-0.0350176624174473,7,3,True,True,True,True,True,True,A,0.9384920634920635,32.0
AK-47 | Slate (Field-Tested),True,True,True,0.102,1.071364083221315,400,summary,True,True,True,True,True,5.14,50,0.0100666001755799,0.0077881208018194,4858,3.67312865225861,3.431963639736566,0.9655429316446268,97.16,-0.0349854227405248,-0.0011753375720181,-0.008213090696876,0.0362537764350453,0.0,0.0155856547725931,2026-06-16T23:20:55.734671+00:00,ok,,best_deal,2026-04-17T01:43:03.926132+00:00,,True,8,5.16,5.2125,1/1,5.3905,5.369,5.184,5.278,5.476,5.609,5.158,5.958,7.884240793989422,-0.0234187718974736,7,3,True,True,True,True,True,True,A,0.996031746031746,3.0
StatTrak™ AK-47 | Elite Build (Field-Tested),True,True,True,0.0634,0.6812776078831125,375,summary,True,True,True,True,True,5.85,50,0.0063247503777435,0.0076020745687766,442,7.295140543115773,6.215757503573123,0.9371092867364617,8.84,-0.0482489102660453,-0.0093321859488127,-0.0124263810515045,0.0846493998736576,0.0,-0.0359729226893609,2026-06-16T23:41:54.893419+00:00,ok,,best_deal,2026-05-11T07:59:10.838529+00:00,,True,8,5.9675,6.005,1/1,6.7168,6.6385,6.221,6.377,6.867,7.2591,5.014,25.272,15.455276322058124,-0.0232916859478635,7,3,True,True,True,True,True,True,A,0.7366071428571428,134.0
USP-S | Printstream (Field-Tested),True,True,True,0.1218,0.39298409183614,400,summary,True,True,True,True,True,38.93,50,0.0080978811703721,0.0075432839952503,710,3.452313994778513,3.132266648758006,0.9684857314794286,14.2,-0.0349558700059385,0.0002613122484871,0.0102815192186491,0.0784704833849679,0.0422484403513983,0.0004120864416874,2026-06-16T23:32:07.574594+00:00,ok,,best_deal,2026-04-19T07:55:04.892710+00:00,,True,8,48.91,49.305,2/2,47.6492,47.3595,45.867,46.791,48.436,50.038,41.766,52.688,8.75355724755085,-0.0288505131269836,7,3,True,True,True,True,True,True,A,0.8189484126984126,93.0
Desert Eagle | Crimson Web (Field-Tested),True,True,True,0.1242,1.645856980703746,269,summary,True,True,True,True,True,13.85,50,0.011118842783954,0.0073929056711721,323,7.5599163583722095,6.20439557225788,0.9361282553063376,6.46,-0.0189524719018584,-0.0072399310107478,-0.0119291077951426,0.093523025084238,0.0453762635716959,-0.0334703363891714,2026-06-16T23:15:45.471798+00:00,ok,,best_deal,2026-04-17T06:53:39.763538+00:00,,True,8,14.66125,14.82375,1/1,13.6774,13.286,12.4374,12.732,13.766,14.844,11.444,26.013,17.59544942752277,0.0250997850782928,7,3,True,True,True,True,True,True,B,0.6711309523809524,166.0
Zeus x27 | Charged Up (Field-Tested),True,True,True,0.2356,0.8243689423793801,375,summary,True,True,True,True,True,4.13,50,0.0159809947354664,0.0070308986696973,478,2.7619387027797644,2.3928316872008923,0.9756160830090792,9.56,0.013127997980308,0.003067006530312,0.0262678979021218,0.1212309992524295,0.1212309992524295,0.0125259562274133,2026-06-16T22:55:13.540655+00:00,ok,,best_deal,2026-05-20T22:04:35.158707+00:00,,True,8,6.16125,6.2775,1/1,3.9284,3.855,3.761,3.8282,3.9367,4.025,3.436,7.123,6.72029324915997,0.0450520833333334,7,3,True,True,True,True,True,True,A,0.7559523809523809,124.0
Galil AR | Chromatic Aberration (Field-Tested),True,True,True,0.0695,0.4942339373970348,305,summary,True,True,True,True,True,4.25,50,0.0131003187171074,0.0067807085648905,905,6.856715425531916,4.197140957446807,0.9575808483830324,18.1,-0.0043418405167849,-0.0050161894077635,0.0048831130149593,0.0980642416507126,0.0487130397787705,-0.0032504235124061,2026-06-16T23:08:54.686371+00:00,ok,,best_deal,2026-04-17T17:15:19.241204+00:00,,True,8,4.3375,4.395,1/1,4.8128,4.762,4.56,4.63,4.96,5.15,4.101,6.333,12.258976063829802,-0.0354944604021337,7,3,True,True,True,True,True,True,A,0.8725198412698413,65.0
★ Shadow Daggers | Gamma Doppler (Factory New),True,True,True,0.3582,1.198585759329411,245,summary,True,True,True,True,True,108.99,50,0.0077731282872611,0.0066201087334026,181,6.509793643198685,5.409589754998903,0.9445377494824828,3.62,0.0168879566888151,0.0076364484235329,0.0078244988875735,0.0959230971218504,0.0583126881376702,-0.0330299297516054,2026-06-16T23:34:58.064666+00:00,ok,,best_deal,2026-05-21T11:59:15.741159+00:00,,True,8,137.31,138.355,1/1,131.2484,128.015,120.915,124.209,132.753,136.262,114.565,287.493,11.693094925347657,0.0253475731337575,7,3,True,True,True,True,True,True,B,0.4945436507936508,256.0
AWP | Printstream (Well-Worn),True,True,True,0.0897,1.0823866570845229,146,summary,True,True,True,True,True,46.76,50,0.0064690661164201,0.0065040669513493,398,6.775807786651352,6.1493455690317855,0.938735549949166,7.96,0.0524672689313379,0.0025261404893569,0.0173443989151176,0.0520856507230255,0.0520856507230255,-0.0359782293806552,2026-06-16T23:41:29.008570+00:00,ok,,best_deal,2026-04-17T04:53:02.558106+00:00,,True,8,45.9725,46.27125,1/1,52.9162,53.114,49.86,51.128,54.7135,56.601,0.096,59.414,12.73900998182031,0.0116279069767442,7,3,True,True,True,True,True,True,A,0.7276785714285714,138.0
AK-47 | The Oligarch (Field-Tested),True,True,True,0.0939,0.31692757877613587,214,summary,True,True,True,True,True,95.77,50,0.0080556675035951,0.0064681907546869,145,4.01064851746934,4.1981224165773465,0.9571154989103876,2.9,0.013353115727003,-0.0002902103961136,-0.0134871704233232,0.0726524474694314,0.013177159590044,-0.0221042645216483,2026-06-16T23:32:38.692128+00:00,ok,,best_deal,2026-04-17T01:44:14.253627+00:00,,True,8,99.8975,100.6925,1/1,77.3441,75.715,72.468,74.818,77.92,85.356,54.453,126.286,16.663197322096956,-0.0369772877394442,7,3,True,True,True,True,True,True,B,0.39856150793650796,304.0
★ Kukri Knife | Fade (Factory New),True,True,True,0.0955,0.418945295545916,369,summary,True,True,True,True,True,181.98,50,0.0078591027001301,0.0064125207118975,96,5.187467280959678,5.066936356282813,0.9489626798298606,1.92,-0.0278673182905272,-0.0062396582944805,-0.0176963415626366,0.1040450734093858,0.0031716947174075,-0.0335026038337296,2026-06-16T23:33:47.834660+00:00,ok,,best_deal,2026-05-21T07:32:26.745518+00:00,,True,8,190.975,192.51,1/1,224.2578,222.641,211.278,216.2245,227.8578,239.9965,150.032,309.751,12.80602057096788,-0.032268662493193,7,3,True,True,True,True,True,True,C,0.24503968253968253,382.0
StatTrak™ USP-S | Flashback (Factory New),True,True,True,0.3591,2.5798991167733316,83,summary,True,True,True,True,True,3.96,50,0.0054023300853998,0.0063324080499653,124,4.855197775977936,4.367051200665466,0.954756775144574,2.48,-0.0437182601015675,-0.0069486851144118,-0.0185382067927967,0.0715770030016161,0.0,-0.0274365970423232,2026-06-16T23:46:23.174791+00:00,ok,,best_deal,2026-05-12T18:10:58.484964+00:00,,True,8,3.9125,3.93375,1/1,4.5683,4.4095,4.21,4.331,4.5528,4.6958,3.961,10.591,10.634152748287114,-0.0074481494213359,7,3,True,True,True,True,True,True,C,0.34871031746031744,331.0
★ Huntsman Knife | Rust Coat (Battle-Scarred),True,True,True,0.1081,0.4058064680720791,57,summary,True,True,True,True,True,56.59,50,0.0050741072280662,0.0061802480908431,87,4.966875270536973,6.12341621240911,0.9383583698911392,1.74,0.0529388867263527,0.0028187681809686,0.011127210015402,0.1039260628465804,0.0502772643253235,-0.0474050436396171,2026-06-16T23:48:12.150801+00:00,ok,,best_deal,2026-05-21T05:37:45.766910+00:00,,True,8,56.37375,56.6625,1/1,68.1515,67.701,63.5278,65.2975,68.6825,71.468,60.275,106.783,11.650807392353808,0.0313484165656288,7,3,True,True,True,True,True,True,C,0.20783730158730157,402.0
M4A4 | Tooth Fairy (Field-Tested),True,True,True,0.0942,0.3894792518151657,400,summary,True,True,True,True,True,4.09,50,0.0087034888573396,0.0060835936337944,2902,4.739972275633854,3.55497920672541,0.9643177737881506,58.04,0.0066994193836533,0.0023195716574859,0.0106139847330504,0.0592280390417035,0.0405944986690327,0.0085766237663852,2026-06-16T23:28:07.333536+00:00,ok,,best_deal,2026-04-18T00:17:48.200929+00:00,,True,8,4.65375,4.695,1/1,4.4726,4.456,4.297,4.355,4.567,4.672,4.116,4.978,8.384384921522157,0.0266454110680938,7,3,True,True,True,True,True,True,A,0.9821428571428571,10.0
StatTrak™ USP-S | Guardian (Field-Tested),True,True,True,0.1031,0.9659320955520853,248,summary,True,True,True,True,True,4.77,50,0.0047259205932308,0.0056892230576441,123,5.015371102327622,4.469038208168635,0.9545064377682404,2.46,0.0624309392265194,0.0085485238308517,0.0403649961667686,0.125671693534408,0.1239382908649679,-0.0291829395126,2026-06-16T23:51:06.368482+00:00,ok,,best_deal,2026-05-12T18:11:26.023564+00:00,,True,8,5.22,5.24625,1/1,5.6925,5.592,5.3376,5.473,5.7585,5.807,3.562,17.281,8.24593763724199,0.0230537329313706,7,3,True,True,True,True,True,True,C,0.345734126984127,333.0
MP9 | Airlock (Field-Tested),True,True,True,0.0757,0.303030303030303,101,summary,True,True,True,True,True,11.48,50,0.005759514094692,0.0054695152965112,179,6.539749966813211,10.775946213972816,0.894696680656238,3.58,0.0254020041948264,0.0076558874232326,0.0292057656001158,0.0965909090909091,0.092651515151515,-0.0887826384849587,2026-06-16T23:44:52.686194+00:00,ok,,best_deal,2026-04-18T06:33:52.486003+00:00,,True,8,12.1775,12.2475,1/1,12.8063,13.105,11.725,12.4145,13.252,13.3904,10.755,14.763,13.004536829529217,0.0206448619809789,7,3,True,True,True,True,True,True,B,0.4846230158730158,259.0
StatTrak™ Glock-18 | Shinobu (Battle-Scarred),True,True,True,0.2126,0.7898660294164297,156,summary,True,True,True,True,True,7.93,50,0.0058528272402039,0.0054122697398871,231,5.551210881911769,4.499942308431943,0.9540936437352864,4.62,-0.0274225444957152,-0.0071813339996637,-0.0316441605131853,0.1222719262572861,0.0,-0.0241518695327343,2026-06-16T23:44:04.962814+00:00,ok,,best_deal,2026-05-11T18:14:57.887334+00:00,,True,8,8.67875,8.72875,1/1,7.8001,7.646,7.295,7.4,7.833,7.954,6.185,29.552,8.448609633209829,-0.0339815360439992,7,3,True,True,True,True,True,True,B,0.5793650793650793,213.0
USP-S | Jawbreaker (Battle-Scarred),True,True,True,0.1402,0.5114043162524292,150,summary,True,True,True,True,True,3.68,50,0.0047248936770972,0.0053908355795148,1483,3.0523182483224973,2.9766409363806035,0.9700735480598528,29.66,-0.0162297128589263,-0.0012748492115189,0.0087004311816516,0.0786802030456851,0.0596446700507613,0.0046899273236582,2026-06-16T23:51:20.530613+00:00,ok,,best_deal,2026-04-19T07:50:29.904825+00:00,,True,8,3.6925,3.71,2/2,3.9642,3.943,3.825,3.909,4.03,4.148,2.881,4.632,8.147923919075716,0.0025445292620864,7,3,True,True,True,True,True,True,A,0.9345238095238095,34.0
Glock-18 | Snack Attack (Field-Tested),True,True,True,0.0749,0.3600587102100725,92,summary,True,True,True,True,True,17.85,50,-0.0008863190872332,0.0052219321148824,68,4.6254716036192445,13.36808453807886,0.8693172313906286,1.36,-0.0111379943267145,-0.0061367954476866,,0.1483864163678549,0.0962455178232439,-0.1271089244086196,2026-06-17T00:32:46.634945+00:00,ok,,best_deal,2026-04-17T19:23:22.903489+00:00,,True,8,18.51125,18.5,1/1,23.9608,24.5105,21.3074,23.787,24.8953,25.7873,14.569,30.516,18.696788087209097,-0.0495569544124134,7,3,True,True,True,True,True,True,C,0.12450396825396826,443.0
M4A1-S | Solitude (Factory New),True,True,True,0.1327,0.9944554582641116,400,summary,True,True,True,True,True,32.04,50,0.0040064540895788,0.0051778033250735,200,5.420382126080507,5.020136393816975,0.947291266247516,4.0,-0.0620887627402916,-0.0135044039864545,-0.0251776223110713,0.1191581553698544,0.0,-0.0322155097618705,2026-06-16T23:56:32.039467+00:00,ok,,best_deal,2026-04-17T22:16:05.964311+00:00,,True,8,35.34375,35.5125,1/1,32.2302,30.697,29.079,29.855,31.602,35.6152,27.296,86.12,20.279737637371163,-0.0362256396659154,7,3,True,True,True,True,True,True,B,0.529265873015873,237.0
Desert Eagle | Printstream (Field-Tested),True,True,True,0.0823,0.7267615445859873,400,summary,True,True,True,True,True,38.1,50,0.0063930413734968,0.0050968388341197,873,4.319836618717807,3.518469188421242,0.9647299672889916,17.46,0.03292532285233,0.0068419139368918,0.0191629952587151,0.0517492552890783,0.0517492552890783,-0.0034670165769177,2026-06-16T23:41:43.949714+00:00,ok,,best_deal,2026-04-17T07:52:31.522264+00:00,,True,8,44.03875,44.32,1/1,45.048,44.939,43.354,43.871,45.817,46.8762,40.014,50.174,7.818771088616581,0.0217497556207233,7,3,True,True,True,True,True,True,A,0.8645833333333334,70.0
StatTrak™ UMP-45 | K.O. Factory (Field-Tested),True,True,True,0.1519,0.41155203703968346,80,summary,True,True,True,True,True,5.99,50,0.0078379927988235,0.0049679297997087,217,4.641830378533788,9.373502635361769,0.9075878358429288,4.34,0.0400060845756007,0.0051999631434934,0.0151771175893651,0.0729120959485154,0.0593096387304373,-0.071346208414223,2026-06-16T23:33:59.313962+00:00,ok,,best_deal,2026-05-12T14:50:02.910536+00:00,,True,8,7.5725,7.6425,1/1,6.6784,6.774,6.148,6.561,6.871,7.039,3.634,7.371,13.341518926689028,-0.000584709837743,7,3,True,True,True,True,True,True,B,0.5625,221.0
SCAR-20 | Bloodsport (Minimal Wear),True,True,True,0.0975,0.3329471964158312,45,summary,True,True,True,True,True,12.26,47,0.0150077073671199,0.0047983212213396,101,5.107745087528524,4.364939580046868,0.955889181241294,2.148936170212766,0.008020069177848,0.0065851064262111,0.0187460450347887,0.1200980392156863,0.0791478129713424,-0.0186784112841639,2026-06-16T22:58:31.703711+00:00,ok,,best_deal,2026-04-19T04:56:11.076284+00:00,,False,8,14.13,14.35,1/2->2/2,13.0586,12.922,12.352,12.696,13.363,13.803,11.538,14.985,11.111451457277202,0.029023746701847,7,3,True,True,True,True,True,True,C,0.25942460317460314,376.0
USP-S | Jawbreaker (Field-Tested),True,True,True,0.1219,0.8941376837576194,400,summary,True,True,True,True,True,4.3,50,0.0057896292558697,0.0041736227045074,3381,4.592720970537256,3.3362218370883863,0.966346153846154,67.62,-0.0244488103034272,-0.0034749185470584,-0.0108650664205897,0.0501230700380396,0.0,0.0091564251593889,2026-06-16T23:44:22.341492+00:00,ok,,best_deal,2026-04-19T07:50:35.357484+00:00,,True,8,4.54625,4.57375,2/2,4.616,4.576,4.422,4.49,4.702,4.908,4.35,5.141,10.528596187175058,-0.0477306626891113,7,3,True,True,True,True,True,True,A,0.9900793650793651,6.0
AK-47 | Elite Build (Factory New),True,True,True,0.1272,0.7202966766509769,341,summary,True,True,True,True,True,13.33,50,0.0097945394050006,0.0041286059819479,166,5.801771029177481,8.241600528151329,0.9161189015483494,3.32,-0.050989822947163,-0.0099752612565167,-0.0227898601482111,0.110764258694774,0.0542436372984685,-0.0599117909402144,2026-06-16T23:22:08.419235+00:00,ok,,best_deal,2026-04-17T00:38:57.729482+00:00,,True,8,14.3225,14.47125,1/1,13.9354,13.692,12.5435,13.137,13.9455,14.73,9.472,35.5,15.69025646913616,-0.005660239555945,7,3,True,True,True,True,True,True,B,0.44742063492063494,280.0
AK-47 | Slate (Minimal Wear),True,True,True,0.1659,2.8775467338794374,400,summary,True,True,True,True,True,7.37,50,0.007407549268396,0.0040650406504065,2103,5.247103280293183,4.666621138655559,0.9532550450347737,42.06,0.0297153226721107,0.0059968203198399,0.0127732442713259,0.0656459962550941,0.0656459962550941,-0.0065771816084102,2026-06-16T23:37:15.939127+00:00,ok,,best_deal,2026-04-17T01:43:08.326492+00:00,,True,8,8.20625,8.28625,1/1,8.7858,8.771,8.361,8.518,8.979,9.17,8.206,11.09,9.208040246761811,0.0161163961947397,7,3,True,True,True,True,True,True,A,0.9642857142857143,19.0
UMP-45 | Wild Child (Factory New),True,True,True,0.2317,0.6195736116636633,91,summary,True,True,True,True,True,26.02,50,0.0082214535235724,0.0039776895823943,129,5.524365229187609,3.0032606830272845,0.9659501528768648,2.58,-0.0148659774951971,-0.0039253962749215,-0.005925039873474,0.2249616938292242,0.0456423828759808,-0.0107334927738229,2026-06-16T23:30:23.141585+00:00,ok,,best_deal,2026-04-18T22:23:49.191134+00:00,,True,8,25.90125,26.115,1/1,24.4734,21.586,20.851,21.423,22.775,35.3176,5.278,51.995,59.1115251660987,-0.1520532304421434,7,3,True,True,True,True,True,True,B,0.3685515873015873,320.0
AWP | Ice Coaled (Battle-Scarred),True,True,True,0.2038,2.300632629421723,170,summary,True,True,True,True,True,5.26,50,0.0105615826534065,0.0037832511598819,869,2.850093585162505,2.9139016505019475,0.9708572644118274,17.38,-0.0564516129032258,-0.0022287998704527,-0.0341099865101256,0.1309829059829059,0.023076923076923,0.0067094762893888,2026-06-16T23:18:27.269026+00:00,ok,,best_deal,2026-04-17T04:41:41.013982+00:00,,True,8,5.24625,5.3025,1/1,4.7016,4.701,4.564,4.624,4.758,4.815,4.014,5.864,5.338608133401403,-0.01452937460518,7,3,True,True,True,True,True,True,A,0.8625992063492064,71.0
StatTrak™ AWP | Chromatic Aberration (Minimal Wear),True,True,True,0.0936,0.5603188501381609,87,summary,True,True,True,True,True,31.1,50,0.008148857936303,0.0036254219622171,114,9.832426288632352,12.377861473324565,0.8758134565808113,2.28,-0.0171349902893527,0.0096660563777429,0.0409086490899079,0.3775387693846924,0.0835917958979489,-0.105312279922709,2026-06-16T23:31:33.027813+00:00,ok,,best_deal,2026-05-11T10:09:05.386059+00:00,,True,8,34.0925,34.38,1/1,43.1989,43.057,37.7099,41.035,45.2825,47.3368,34.21,54.79,22.285058184351914,-0.0496113343000452,7,3,True,True,True,True,True,True,C,0.3191964285714286,344.0
StatTrak™ P2000 | Wicked Sick (Minimal Wear),True,True,True,0.1737,0.5811890899225777,65,summary,True,True,True,True,True,7.05,40,0.0132853053593305,0.0034825870646766,145,10.608962083492909,6.676879867228388,0.931039029535865,3.625,0.0765765765765766,0.0011413295120453,0.0164922122927366,0.1242551033346011,0.0871053632559908,-0.0401812585714523,2026-06-16T23:07:49.480179+00:00,ok,,best_deal,2026-05-12T05:34:12.459078+00:00,,False,8,9.86625,9.98875,1/1->1/1,7.833,7.584,7.061,7.285,8.116,8.456,6.802,13.893,17.80926847950976,0.0399525316455695,7,3,True,True,True,True,True,True,B,0.42361111111111116,291.0
★ Sport Gloves | Omega (Field-Tested),True,True,True,0.2047,0.5683760481796372,400,summary,True,True,True,True,True,217.89,50,0.005786471399096,0.0034447989258863,60,8.860630487326064,7.332858463143616,0.925212885085986,1.2,0.0691224754743349,0.0067217025291485,0.020952576810354,0.2877702249809218,0.0828494984022769,-0.060693659615896,2026-06-16T23:44:37.957933+00:00,ok,,best_deal,2026-05-21T23:00:42.089975+00:00,,True,8,226.38625,227.68125,1/1,272.7763,267.4565,247.4542,255.482,279.6517,301.6787,235.639,388.174,19.87874313127644,0.0051978932201555,7,3,True,True,True,True,True,True,C,0.06646825396825397,472.0
AK-47 | Ice Coaled (Battle-Scarred),True,True,True,0.1161,1.0828300258843833,154,summary,True,True,True,True,True,4.41,50,0.0141060214206922,0.0033860045146726,1611,4.4650274131915575,3.904303040372149,0.96064475612309,32.22,0.0008223684210526,-0.0008353133514466,0.0022024974254151,0.0749794576828266,0.0439605587510271,0.0054909835792782,2026-06-16T23:03:26.275434+00:00,ok,,best_deal,2026-04-17T00:44:09.512204+00:00,,True,8,4.48,4.5425,1/1,4.8152,4.777,4.589,4.702,4.917,5.04,4.236,5.746,9.366173783020429,-0.0081499592502037,7,3,True,True,True,True,True,True,A,0.9424603174603174,30.0
MAC-10 | Saibā Oni (Factory New),True,True,True,0.2045,0.6484233598459062,138,summary,True,True,True,True,True,10.56,50,0.0096724410077806,0.0032311861580154,113,4.707685570396318,8.484782132691047,0.9135430611334224,2.26,-0.0707225630538512,-0.0160581019509512,-0.0241959741803262,0.1521486643437861,0.0,-0.0649110283177711,2026-06-16T23:22:35.649777+00:00,ok,,best_deal,2026-04-18T02:16:08.317746+00:00,,True,8,10.71125,10.81625,1/1,9.134,8.964,8.189,8.844,9.274,9.7158,7.492,15.69,16.715568206700237,-0.0960879655210519,7,3,True,True,True,True,True,True,C,0.3125,347.0
Zeus x27 | Olympus (Battle-Scarred),True,True,True,0.073,0.22191490045991055,41,summary,True,True,True,True,True,3.16,49,0.0085202371901617,0.0032310936651772,487,12.547917199080006,8.586762075134164,0.9138682389130992,9.93877551020408,-0.0714640198511167,-0.0109177260702481,-0.024346532639321,0.1183858898984499,0.0,-0.0565680093678948,2026-06-16T23:29:03.147162+00:00,ok,,best_deal,2026-05-20T22:06:23.213354+00:00,,False,8,3.05,3.07625,1/1->1/1,3.913,3.901,3.565,3.683,4.174,4.279,2.281,4.433,18.246869409660107,-0.0867602196461256,7,3,True,True,True,True,True,True,A,0.7614087301587301,122.0
AWP | Duality (Battle-Scarred),True,True,True,0.1602,1.1071418832319817,167,summary,True,True,True,True,True,3.42,50,0.0093002915451895,0.0029154518950437,1390,7.023411371237465,5.211817168338903,0.947323943661972,27.8,0.0,0.0063508410944487,0.004820926307387,0.0753968253968254,0.0266439909297051,-0.0136300303830149,2026-06-16T23:25:36.298060+00:00,ok,,best_deal,2026-04-17T03:56:30.469660+00:00,,True,8,3.4325,3.465,1/1,3.588,3.55,3.363,3.448,3.7,3.832,3.19,6.566,13.071348940914154,-0.0464864864864865,7,3,True,True,True,True,True,True,A,0.9265873015873016,38.0
AK-47 | Redline (Field-Tested),True,True,True,0.334,2.1675570977454655,400,summary,True,True,True,True,True,32.94,50,0.0048669361101827,0.0029011830428964,626,4.664723032069982,1.598963394881774,0.9834193270987852,12.52,-0.0192394328872399,-0.0003911479805249,-0.0055253521276258,0.0308033181118106,0.0023507795401119,0.0114968359934773,2026-06-16T23:49:29.475797+00:00,ok,,best_deal,2026-04-17T01:41:17.496518+00:00,,True,8,32.6075,32.7675,1/1,38.5875,37.212,36.595,36.879,38.679,42.836,29.265,68.222,16.173631357304828,-0.0070029514354709,7,3,True,True,True,True,True,True,A,0.7936507936507936,105.0
AWP | Chrome Cannon (Battle-Scarred),True,True,True,0.1027,0.36090974145172827,93,summary,True,True,True,True,True,27.92,50,0.0034547283656884,0.0027051894634714,306,5.843319632753284,6.001788192591009,0.9398770135686118,6.12,-0.0121955154057106,-0.002840772226189,,0.1207499101806185,0.073978508671653,-0.0395135536874845,2026-06-17T00:00:13.929965+00:00,ok,,best_deal,2026-04-17T03:53:25.820185+00:00,,True,8,27.73875,27.835,1/1,29.9744,29.922,28.123,29.069,30.8205,32.07,24.642,35.269,13.167903277463433,0.0157250439571376,7,3,True,True,True,True,True,True,B,0.6517857142857143,175.0
Glock-18 | Blue Fissure (Minimal Wear),True,True,True,0.4575,5.522550643977189,185,summary,True,True,True,True,True,10.3,50,0.0060296219558748,0.0025399772161512,62,8.193390306579815,4.810852805832783,0.947140324381115,1.24,-0.0538205554844489,0.0001608558184121,-0.0496697357227627,0.2259046330740615,0.0261751775448089,-0.0350739457357697,2026-06-16T23:43:18.445788+00:00,ok,,best_deal,2026-04-17T18:19:38.181104+00:00,,True,8,11.61125,11.68375,1/1,8.3665,7.6145,7.212,7.325,8.0105,8.422,5.169,48.506,14.46243949082652,-0.0877961500493582,7,3,True,True,True,True,True,True,C,0.07738095238095238,464.0
Nova | Moon in Libra (Factory New),True,True,True,0.2346,0.6671239924541242,82,summary,True,True,True,True,True,9.65,50,0.0191193032582404,0.0025161036713736,52,7.651267127440284,13.829271250151573,0.8615225837785332,1.04,0.0228884189575819,-0.0146050248566858,-0.0152054697961222,0.1478779034415662,0.0575215857959383,-0.1129808058947573,2026-06-16T22:44:43.074945+00:00,ok,,best_deal,2026-04-18T10:28:09.137595+00:00,,True,8,10.57125,10.83875,1/1,8.247,8.236,7.0955,7.9558,8.5868,8.9351,5.488,11.737,22.30629319752637,-0.0227002614689801,7,3,True,True,True,True,True,True,C,0.021825396825396824,495.0
AK-47 | Phantom Disruptor (Battle-Scarred),True,True,True,0.0559,0.25346039269902404,41,summary,True,True,True,True,True,6.28,43,-0.0033804780506421,0.0024981167467361,386,2.9949429651572057,2.2912131973880263,0.9769774708107218,8.976744186046512,-0.0560246833387464,-0.0041967369877917,-0.0210504476626556,0.0696714261138827,0.0,-0.0063128332924196,2026-06-17T00:50:52.075034+00:00,ok,,best_deal,2026-04-17T00:53:01.426295+00:00,,False,8,6.27125,6.25,1/1->1/1,6.1103,6.081,5.941,5.991,6.174,6.292,5.54,9.366,5.744398802022814,-0.0492312724893686,7,3,True,True,True,True,True,True,A,0.7271825396825397,139.0
AK-47 | Slate (Battle-Scarred),True,True,True,0.1461,0.6837530444886377,400,summary,True,True,True,True,True,4.16,50,0.0029289446603713,0.0024009638443091,1960,5.774395702775291,4.274843330349146,0.9568361581920904,39.2,-0.037863865178376,-0.0079723859829705,,0.0525477707006371,0.0002274795268426,-0.0077349675814307,2026-06-17T00:04:27.545919+00:00,ok,,best_deal,2026-04-17T01:42:54.010609+00:00,,True,8,4.3375,4.35,1/1,4.468,4.425,4.234,4.308,4.566,4.791,4.162,4.926,12.466427931960618,0.0002275312855517,7,3,True,True,True,True,True,True,A,0.9603174603174603,21.0
P250 | Visions (Factory New),True,True,True,0.2196,0.7222746967720655,183,summary,True,True,True,True,True,21.86,50,0.0042333599298102,0.0022579167090927,201,3.152073845103297,4.066602040007559,0.9577634245187436,4.02,-0.0312519532470779,-0.0080321597822835,-0.0125155641586917,0.0553584102200142,0.0125169365765533,-0.022418586127365,2026-06-16T23:54:52.215794+00:00,ok,,best_deal,2026-04-18T14:31:19.053885+00:00,,True,8,21.55875,21.65,1/1,16.4019,15.792,15.125,15.499,16.016,16.457,12.873,40.1,8.121010370749735,-0.0314940948572142,7,3,True,True,True,True,True,True,B,0.5342261904761905,235.0
M4A1-S | Vaporwave (Field-Tested),True,True,True,0.0697,0.3155927472841765,400,summary,True,True,True,True,True,58.72,50,0.0038136713745701,0.002230667547918,201,3.9401206498141375,7.762299772416529,0.9221547267895214,4.02,0.0723219140837412,0.0029993454770261,0.0249850604380081,0.0942625325992467,0.0795711388003476,-0.0597952520066947,2026-06-16T23:58:17.159480+00:00,ok,,best_deal,2026-04-17T22:17:12.398169+00:00,,True,8,60.1275,60.35875,1/1,68.6781,68.482,63.151,67.294,70.0,71.921,59.982,84.38,12.76971844008498,0.0182719473602679,7,3,True,True,True,True,True,True,B,0.5342261904761905,234.0
AK-47 | Rat Rod (Field-Tested),True,True,True,0.0567,0.45887606230837286,154,summary,True,True,True,True,True,4.73,50,0.0035391955032279,0.0021097046413502,778,2.3708690773518697,3.710138632497196,0.9629963898916968,15.56,-0.0319432120674356,-0.0036366547582914,-0.0055422636068681,0.0533455545371219,0.0181484876260312,-0.0091809841727668,2026-06-16T23:59:58.138683+00:00,ok,,best_deal,2026-04-17T01:40:17.504423+00:00,,True,8,5.06375,5.08,1/1,5.5254,5.54,5.335,5.46,5.591,5.7076,4.858,6.932,6.743403192529051,-0.0188848920863308,7,3,True,True,True,True,True,True,A,0.8373015873015873,83.0
StatTrak™ AK-47 | Nightwish (Field-Tested),True,True,True,0.0961,0.31925004535747514,63,summary,True,True,True,True,True,59.35,50,0.0030544530449794,0.001878588934558,172,5.258671545480312,6.387850090828051,0.936701689328389,3.44,0.0602885813426936,0.0011520896458097,,0.0866175560076318,0.0746515712462567,-0.0478763884610087,2026-06-17T00:03:29.075933+00:00,ok,,best_deal,2026-05-11T08:02:47.806251+00:00,,True,8,64.45,64.67125,1/1,76.9586,77.664,72.748,75.094,79.141,80.088,65.037,94.381,9.537595538380362,0.0149274786154891,7,3,True,True,True,True,True,True,B,0.4613095238095238,272.0
M4A1-S | Electrum (Minimal Wear),True,True,True,0.101,1.333796758917322,181,summary,True,True,True,True,True,5.71,50,0.0039404553415061,0.0017513134851138,2937,6.340514446285761,4.443163532435094,0.9552924117931368,58.74,-0.0645537170822652,-0.0098575011186464,-0.0472642113430159,0.1494768310911807,0.0,-0.0049658756174826,2026-06-16T23:57:02.141724+00:00,ok,,best_deal,2026-04-17T21:22:25.702448+00:00,,True,8,5.6875,5.71,1/1,4.1637,4.138,3.953,4.024,4.288,4.409,3.84,4.698,10.95179767994812,-0.0420047732696897,7,3,True,True,True,True,True,True,A,0.9841269841269841,9.0
Galil AR | Rainbow Spoon (Factory New),True,True,True,0.1728,0.6902528592750813,400,summary,True,True,True,True,True,83.94,50,0.0019147403490649,0.0016611295681063,84,7.285822990365773,3.980088222832782,0.958321153261168,1.68,-0.0622414168541773,-0.00204449092917,,0.1953248964743218,0.0,-0.0293234459986871,2026-06-17T00:09:31.150878+00:00,ok,,best_deal,2026-04-17T17:28:23.298718+00:00,,True,8,86.17125,86.35125,1/1,70.5713,67.3915,64.5827,65.8923,71.034,73.266,59.784,122.874,12.304293671790097,-0.0479225928164012,7,3,True,True,True,True,True,True,C,0.18998015873015875,410.0
M4A4 | Hellish (Battle-Scarred),True,True,True,0.1634,0.4585288339532695,35,summary,True,True,True,True,True,22.34,34,0.0182385050663091,0.0015100037750094,257,4.250689622372301,7.996052506420627,0.9203151845488476,7.558823529411764,0.0887764780271895,0.0173227640761957,0.0417096763686131,0.1229165456762877,0.1167605552006504,-0.0430737385590241,2026-06-16T22:47:16.652244+00:00,ok,,best_deal,2026-04-17T23:12:57.497105+00:00,,False,8,25.375,25.91,1/1->1/1,16.8208,16.879,15.534,16.504,17.219,17.686,13.653,20.472,12.793684010272994,0.0089651939528889,7,3,True,True,True,True,True,True,B,0.6314484126984127,187.0
AWP | Hyper Beast (Field-Tested),True,True,True,0.0747,0.2912381521979378,276,summary,True,True,True,True,True,36.96,50,0.0036650140674647,0.0014868913934384,160,6.8971447450002525,4.596965075284781,0.9526053635377418,3.2,0.0726095065275467,0.0025472335763188,0.0145711940966009,0.1251086726661811,0.0676942597335463,-0.0298396508774251,2026-06-16T23:59:42.231500+00:00,ok,,best_deal,2026-04-17T04:41:25.995948+00:00,,True,8,39.64,39.81125,1/1,44.1922,42.8635,40.832,41.964,45.012,47.4127,34.44,114.564,14.891089377763498,-0.0542969835009166,7,3,True,True,True,True,True,True,B,0.4295634920634921,288.0
USP-S | Cortex (Well-Worn),True,True,True,0.1362,1.6474464579901154,145,summary,True,True,True,True,True,3.77,50,0.0029992031746486,0.0013227513227512,824,4.292599658600257,4.342805502560499,0.956456078530078,16.48,-0.0343789209535758,-0.0020851479355143,,0.0509355509355509,0.0057172557172556,-0.0155780232849887,2026-06-17T00:03:58.565404+00:00,ok,,best_deal,2026-04-18T22:26:49.389629+00:00,,True,8,3.73375,3.745,1/1,3.9836,3.973,3.8,3.898,4.069,4.182,3.277,4.391,9.589316196405276,-0.0351053159478436,7,3,True,True,True,True,True,True,A,0.8492063492063492,77.0
Tec-9 | Whiteout (Minimal Wear),True,True,True,0.2956,3.548655392292764,400,summary,True,True,True,True,True,31.85,50,0.0010397298058103,0.001233045622688,103,3.098272977876205,2.1449944631623654,0.976531243555372,2.06,-0.0193110384712095,-0.0075319029089871,,0.1066355571509153,0.0510999435926363,-0.0106957862961817,2026-06-17T00:15:06.162431+00:00,ok,,best_deal,2026-04-18T20:34:40.615948+00:00,,True,8,32.4525,32.48625,1/1,42.443,38.792,37.8816,38.231,39.546,53.0476,34.864,110.256,35.73262964446435,0.0201668802804007,7,3,True,True,True,True,True,True,C,0.26240079365079366,373.0
Desert Eagle | Mecha Industries (Minimal Wear),True,True,True,0.0668,0.3274125283776539,264,summary,True,True,True,True,True,8.31,50,0.0017866988525689,0.0011911890322636,645,6.5234896592496,5.269756490362557,0.9470991507213752,12.9,0.0247130596629097,0.001490089015684,,0.056811301715439,0.056811301715439,-0.0280505700459747,2026-06-17T00:10:34.504189+00:00,ok,,best_deal,2026-04-17T07:00:15.779679+00:00,,True,8,8.365,8.379999999999999,1/1,9.8107,9.773,9.256,9.434,10.074,10.526,7.603,12.632,12.94504979257341,0.0321841474846369,7,3,True,True,True,True,True,True,A,0.7996031746031746,102.0
Galil AR | Eco (Field-Tested),True,True,True,0.2354,0.7193324400048727,295,summary,True,True,True,True,True,12.91,50,0.0015270758289792,0.0011511895625479,260,10.562117370601696,4.999690804526625,0.9455317142183448,5.2,-0.0369982547993018,-0.0016690646979169,-0.0171355723509311,0.162667633200435,0.0,-0.0326219984263219,2026-06-17T00:11:35.481377+00:00,ok,,best_deal,2026-04-17T17:20:00.744476+00:00,,True,8,13.01625,13.03625,1/1,16.171,14.8435,14.035,14.213,15.921,17.8914,11.947,54.66,23.8476284707192,-0.13990897188104,7,3,True,True,True,True,True,True,B,0.6071428571428571,200.0
AK-47 | Searing Rage (Battle-Scarred),True,True,True,0.0987,0.4770642201834862,221,summary,True,True,True,True,True,4.67,50,0.0122819576473011,0.0010799136069113,1487,3.221961861667735,3.1512605042016744,0.9683762416379486,29.74,0.016618793598687,0.0011123071178356,0.0050130131660277,0.0332996972754793,0.03087790110999,0.0105234298685588,2026-06-16T23:11:18.329030+00:00,ok,,best_deal,2026-04-17T01:42:30.983310+00:00,,True,8,4.72125,4.7875,1/1,4.9504,4.933,4.777,4.8605,5.02,5.124,4.503,5.428,7.009534583063985,0.0056829713821799,7,3,True,True,True,True,True,True,A,0.9365079365079365,33.0
Five-SeveN | Heat Treated (Field-Tested),True,True,True,0.0508,0.3995362894878485,400,summary,True,True,True,True,True,4.71,50,-0.00186962003286,0.0010526315789473,597,4.096537840305247,4.91584540836629,0.9495677233429396,11.94,-0.0690719202468549,-0.0122691808524185,-0.043349576813928,0.1458439571647117,0.0,-0.0287893885898692,2026-06-17T00:40:31.347722+00:00,ok,,best_deal,2026-04-17T12:01:09.086996+00:00,,True,8,4.74375,4.735,1/1,4.2719,4.164,3.954,4.03,4.205,4.228,2.101,67.934,6.414007818535068,-0.0431812637228592,7,3,True,True,True,True,True,True,A,0.7896825396825397,107.0
AK-47 | Slate (Factory New),True,True,True,0.1972,1.8380264545970948,400,summary,True,True,True,True,True,19.8,50,0.0031166851361502,0.0009722377284061,315,6.429873121754971,5.007220713131379,0.9483209865590204,6.3,0.1045705869570465,0.0121217780598772,,0.1361370988895689,0.1311095567019322,-0.0296890647927544,2026-06-17T00:03:03.257671+00:00,ok,,best_deal,2026-04-17T01:42:58.587749+00:00,,True,8,21.69,21.76125,1/1,23.2664,22.543,21.378,21.849,23.345,25.31,20.041,69.054,16.899907162259733,0.0146830501707846,7,3,True,True,True,True,True,True,B,0.6646825396825397,169.0
★ Paracord Knife | Doppler (Factory New),True,True,True,0.4728,1.6581776953231013,315,summary,True,True,True,True,True,426.43,50,0.0036919042262514,0.0008438514206189,53,8.496580370935707,5.962094499359607,0.9372635814889336,1.06,-0.0013288768976765,-0.0038899814179259,-0.0656894540394475,0.4169899193548387,0.0,-0.0496516963599616,2026-06-16T23:59:18.232680+00:00,ok,,best_deal,2026-05-21T10:46:03.659506+00:00,,True,8,420.35375,421.7125,1/1,271.9447,258.44,242.2264,248.0,271.106,298.8932,198.045,687.38,20.83761882470957,-0.0392772885925799,7,3,True,True,True,True,True,True,C,0.032242063492063495,492.0
AK-47 | Head Shot (Minimal Wear),True,True,True,0.116,0.43844825714141533,297,summary,True,True,True,True,True,61.5,50,0.0009317828764237,0.0006405124099279,253,6.089933051977512,4.202007982440471,0.9563513470631168,5.06,-0.0011194937941104,-0.0051934557254431,-0.0151419967783517,0.1399961017444694,0.021115550791021,-0.0254388444646552,2026-06-17T00:15:30.124917+00:00,ok,,best_deal,2026-04-17T00:43:08.161862+00:00,,True,8,62.58875,62.6475,1/1,65.4687,63.026,60.275,61.764,65.751,76.803,54.62,105.611,25.245651738922568,-0.0062627110436774,7,3,True,True,True,True,True,True,B,0.595734126984127,204.0
★ Specialist Gloves | Marble Fade (Field-Tested),True,True,True,0.2044,0.6320700915385835,276,summary,True,True,True,True,True,150.51,50,0.0006388948621516,0.0003535265154185,50,14.64620289425865,8.509456304128218,0.9080976070495173,1.0,0.0411838804320094,-0.0049943909720059,,0.1259006853248592,0.1208698648493433,-0.0784350682658509,2026-06-17T00:17:01.863323+00:00,ok,,best_deal,2026-05-21T22:01:17.199933+00:00,,True,8,207.0775,207.26875,1/1,201.2467,186.339,169.214,171.6375,201.1125,243.0262,160.27,464.975,36.677470984617386,0.137488023691316,7,3,True,True,True,True,True,True,C,0.00496031746031746,504.0
Desert Eagle | Mecha Industries (Factory New),True,True,True,0.1966,0.7875600604862643,189,summary,True,True,True,True,True,17.7,50,-0.0018834560655961,0.0002713026050086,126,6.366647389727155,9.07943851532515,0.9092103879718224,2.52,-0.0689009264415532,-0.0134382901574673,,0.109123531970422,0.0,-0.0817469879492849,2026-06-17T00:40:44.727101+00:00,ok,,best_deal,2026-04-17T07:00:07.313081+00:00,,True,8,18.04,18.005,1/1,19.021,19.022,17.295,18.392,19.603,20.1445,15.758,25.281,14.980810682929388,-0.0487716576157228,7,3,True,True,True,True,True,True,B,0.35664682539682535,325.0
AK-47 | Ice Coaled (Field-Tested),True,True,True,0.1581,2.7459234052597417,400,summary,True,True,True,True,True,4.81,50,0.0022761518077925,0.0,5500,2.339384799798937,2.030044660982533,0.9796472184531888,110.0,-0.0227316141356257,0.0002798977029023,,0.0400703674745895,0.0025410476935105,0.0228821647737003,2026-06-17T00:08:07.301253+00:00,ok,,best_deal,2026-04-17T00:44:20.954256+00:00,,True,8,5.0425,5.05375,1/1,5.1723,5.159,5.054,5.098,5.219,5.332,4.951,5.657,5.3747849119347215,-0.008334948633456,7,3,True,True,True,True,True,True,A,0.998015873015873,2.0
AK-47 | Slate (Well-Worn),True,True,True,0.4365,8.232033906199058,400,summary,True,True,True,True,True,4.2,50,0.0017786583512512,0.0,2803,4.629333333333325,3.946666666666677,0.9604362703165096,56.06,-0.01531589023612,-0.0035301157804146,,0.0574638150788507,0.0,-0.0025613729689944,2026-06-17T00:10:50.092592+00:00,ok,,best_deal,2026-04-17T01:43:13.806924+00:00,,True,8,4.23125,4.23875,1/1,4.6875,4.676,4.491,4.565,4.782,4.945,4.321,5.219,9.685333333333348,-0.0130063965884863,7,3,True,True,True,True,True,True,A,0.9801587301587301,11.0
AK-47 | Ice Coaled (Minimal Wear),True,True,True,0.0716,0.6599365445630226,400,summary,True,True,True,True,True,8.73,50,0.0001467136150234,0.0,1800,4.156939836998818,3.194495638284795,0.9679045365703116,36.0,-0.0634032159576634,-0.0048749031998798,-0.0170724615761332,0.0824731065956753,0.0,-0.0004342082864846,2026-06-17T00:22:08.114178+00:00,ok,,best_deal,2026-04-17T00:44:26.739444+00:00,,True,8,9.1675,9.16875,1/1,9.7668,9.721,9.409,9.543,9.949,10.153,9.203,11.091,7.617643445140679,-0.0545510581467023,7,3,True,True,True,True,True,True,A,0.9543650793650794,24.0
USP-S | Cortex (Field-Tested),True,True,True,0.1551,2.8866590875389253,400,summary,True,True,True,True,True,4.13,50,0.0,0.0,1770,3.8988975531056815,2.6776911356099395,0.9729790842283776,35.4,-0.0315577439570277,-0.0032471619096027,-0.011116934998825,0.0459902935058931,0.0,0.0044451163168817,2026-06-17T00:23:46.369411+00:00,ok,,best_deal,2026-04-18T22:26:45.327057+00:00,,True,8,4.20375,4.20375,1/1,4.4628,4.4225,4.303,4.369,4.543,4.71,4.211,4.936,9.119835081114996,-0.0234709997743173,7,3,True,True,True,True,True,True,A,0.9523809523809523,25.0
Glock-18 | Block-18 (Factory New),True,True,True,0.2539,1.5858233087569524,228,summary,True,True,True,True,True,3.05,50,-0.0004084701233281,0.0,1273,2.07095569512816,1.7654048548633523,0.9823429541595924,25.46,-0.0045770469571113,-0.0019509685159238,0.0092845528546752,0.0659059945504088,0.061307901907357,0.010389278125068,2026-06-17T00:26:48.770407+00:00,ok,,best_deal,2026-04-17T18:18:46.984471+00:00,,True,8,3.02625,3.025,1/1,2.9455,2.945,2.893,2.906,2.967,2.988,2.747,9.906,3.2252588694618978,-0.0030560271646858,7,3,True,True,True,True,True,True,A,0.9206349206349206,41.0
Glock-18 | Shinobu (Minimal Wear),True,True,True,0.1221,1.1402270513151878,295,summary,True,True,True,True,True,10.05,50,-0.0003760192166274,0.0,973,3.871931264001179,2.8117596083818066,0.9717540285238008,19.46,-0.0064055636896047,0.001706320237593,0.0059047910409613,0.0452201142015103,0.0345367470989132,-0.0022755027129226,2026-06-17T00:26:31.459760+00:00,ok,,best_deal,2026-04-17T19:22:46.867779+00:00,,True,8,10.09875,10.095,1/1,10.8473,10.798,10.493,10.595,11.015,11.3652,8.607,14.19,8.040710591575777,-0.0105704392199744,7,3,True,True,True,True,True,True,A,0.8943452380952381,54.0
Glock-18 | Vogue (Minimal Wear),True,True,True,0.1776,1.9508233035516505,265,summary,True,True,True,True,True,6.23,50,0.0014938398456623,0.0,839,8.958114760713427,4.425254889301371,0.9551159618008186,16.78,-0.0416223404255319,-0.0003661826249167,,0.0982378243374497,0.0151241848203135,-0.0177600739146675,2026-06-17T00:12:36.300241+00:00,ok,,best_deal,2026-04-17T19:27:25.157285+00:00,,True,8,6.5375,6.547499999999999,1/1,7.4346,7.33,7.001,7.098,7.764,7.922,6.79,9.128,12.388023565491077,-0.0412398563256618,7,3,True,True,True,True,True,True,A,0.8551587301587301,74.0
MP9 | Arctic Tri-Tone (Field-Tested),True,True,True,0.0738,0.2478847847909368,400,summary,True,True,True,True,True,4.59,50,-0.0028654573820819,0.0,742,3.093735186247851,2.045857139292939,0.9794537709847156,14.84,-0.0595124282982791,-0.0060693677834033,-0.0280627618725189,0.0942820838627699,0.0022871664548919,0.0006710747700582,2026-06-17T00:47:45.193723+00:00,ok,,best_deal,2026-04-18T06:34:24.719460+00:00,,True,8,5.2425,5.2275,1/1,4.0081,3.991,3.909,3.943,4.067,4.163,3.489,4.777,6.33716723634641,-0.0211442786069651,7,3,True,True,True,True,True,True,A,0.8268849206349205,88.0
AWP | Printstream (Field-Tested),True,True,True,0.1686,2.0285755468271414,400,summary,True,True,True,True,True,56.01,50,0.0003111876946698,0.0,692,4.250108293625674,3.4287427943087536,0.9654140898090884,13.84,0.0682543661736441,0.0083381972537178,0.0354591198481504,0.1150205729125924,0.1150205729125924,-0.0105475622295575,2026-06-17T00:19:09.731935+00:00,ok,,best_deal,2026-04-17T04:52:53.131131+00:00,,True,8,61.9375,61.94625,1/1,60.022,59.504,57.446,58.57,61.121,62.948,54.058,71.204,9.166638899070346,0.04577804682515,7,3,True,True,True,True,True,True,A,0.8134920634920635,95.0
M4A1-S | Black Lotus (Factory New),True,True,True,0.2567,1.5182848616528362,400,summary,True,True,True,True,True,20.15,50,-0.0017890674535433,0.0,548,3.718175860980988,4.0531029293983485,0.9590304695549776,10.96,-0.0389268805891636,-0.0060325356827932,-0.0120271410672938,0.0671742051052396,0.0266706473603026,-0.0207654731544789,2026-06-17T00:39:59.903768+00:00,ok,,best_deal,2026-04-17T21:17:08.343024+00:00,,True,8,20.4475,20.41125,1/1,20.6015,20.381,19.546,19.916,20.682,21.432,17.204,41.0,9.154673203407516,-0.02828546562228,7,3,True,True,True,True,True,True,A,0.777281746031746,113.0
AWP | Black Nile (Minimal Wear),True,True,True,0.0764,0.9095879516874597,169,summary,True,True,True,True,True,5.89,50,-0.0001617474531595,0.0,463,7.987711213517663,6.967207640419414,0.9300241481083984,9.26,0.0015325670498083,0.0062846049877374,0.0274858383518794,0.1576128538638102,0.1333843407294057,-0.0496108766418376,2026-06-17T00:25:08.167687+00:00,ok,,best_deal,2026-04-17T03:51:25.432594+00:00,,True,8,6.2275,6.22375,1/1,7.4865,7.454,6.9324,7.13,7.728,7.973,5.804,15.067,13.899686101649628,0.0517703862660945,7,3,True,True,True,True,True,True,A,0.751984126984127,126.0
AK-47 | Inheritance (Battle-Scarred),True,True,True,0.0947,1.0132305392187768,174,summary,True,True,True,True,True,42.75,50,0.0042440428190542,0.0,412,5.741556127865008,4.89463044501676,0.9510929717764248,8.24,-0.0529745494315204,-0.0056739138495151,-0.0036979815514903,0.1023000673659898,0.0395775190068329,-0.0253888222067112,2026-06-16T23:54:38.858253+00:00,ok,,best_deal,2026-04-17T00:44:41.463132+00:00,,True,8,42.935,43.1175,1/1,43.3332,43.368,41.247,42.065,44.553,45.412,38.774,51.553,9.611568035593956,-0.0476583264595361,7,3,True,True,True,True,True,True,A,0.7316468253968254,136.0
StatTrak™ AWP | Mortis (Field-Tested),True,True,True,0.1095,0.9782637827986386,137,summary,True,True,True,True,True,7.4,50,0.0001340655049849,0.0,375,4.701389346151316,4.582866925660114,0.9541924443859418,7.5,-0.0037888685654559,-0.00148286713121,-0.019862035490636,0.1285245901639344,0.020983606557377,-0.0271062252373303,2026-06-17T00:22:33.151191+00:00,ok,,best_deal,2026-05-11T10:13:42.746727+00:00,,True,8,7.64875,7.65,1/1,7.5935,7.597,7.249,7.409,7.766,7.9,4.305,8.936,8.57312174886417,0.0214333556597454,7,3,True,True,True,True,True,True,A,0.7162698412698413,144.0
Galil AR | Tuxedo (Factory New),True,True,True,0.4232,5.647840531561462,286,summary,True,True,True,True,True,3.97,50,0.0005979927829125,0.0,360,6.466531606196425,4.665725336116392,0.95205047318612,7.2,-0.0419101349989925,-0.0082356309602016,0.0044176213243865,0.170347003154574,0.0982124079915877,-0.027782983530577,2026-06-17T00:17:26.135566+00:00,ok,,best_deal,2026-04-17T18:13:39.172683+00:00,,True,8,4.245,4.2475000000000005,1/1,4.8867,4.755,4.527,4.632,4.948,5.2444,4.21,8.417,14.680663842675006,0.0050729232720354,7,3,True,True,True,True,True,True,A,0.7063492063492063,148.0
Sawed-Off | Kiss♥Love (Battle-Scarred),True,True,True,0.1431,0.5939274539344073,50,summary,True,True,True,True,True,3.55,48,1.0379680819655455e-05,0.0,333,11.218538174557292,8.748883400767163,0.91282722513089,6.9375,-0.0733746965200971,-0.0200669545531482,-0.0391021241226536,0.1755458515283843,0.0,-0.0694847795608513,2026-06-17T00:23:28.830081+00:00,ok,,best_deal,2026-04-19T06:56:18.200162+00:00,,False,8,3.4975,3.4975,1/2->2/2,3.8062,3.82,3.487,3.585,4.012,4.151,2.843,4.224,17.445220955283478,-0.0886176704696206,7,3,True,True,True,True,True,True,B,0.6800595238095237,162.0
StatTrak™ P2000 | Wicked Sick (Field-Tested),True,True,True,0.2156,0.5790232342234493,71,summary,True,True,True,True,True,3.45,50,0.0081901512603033,0.0,337,7.373742058155165,10.295413439688357,0.8997968855788762,6.74,0.0911528150134048,0.0026320803295723,0.0133987159994426,0.086441813714541,0.0835380835380836,-0.0769891639229224,2026-06-16T23:31:13.629468+00:00,ok,,best_deal,2026-05-12T05:34:04.360851+00:00,,True,8,4.51375,4.56875,1/1,4.3126,4.431,3.987,4.174,4.492,4.555,2.644,5.071,13.170709085006717,0.0635467395177573,7,3,True,True,True,True,True,True,B,0.6805555555555556,161.0
M4A1-S | Decimator (Minimal Wear),True,True,True,0.1078,1.2155431370752712,292,summary,True,True,True,True,True,20.45,50,-0.0022247251576531,0.0,334,7.74168587941761,5.12032972238891,0.94812,6.68,-0.0229655712050078,-0.0082587707649165,-0.0033081072178501,0.0802066231530052,0.0431666199495454,-0.0357207979809119,2026-06-17T00:41:55.685479+00:00,ok,,best_deal,2026-04-17T21:21:55.256895+00:00,,True,8,20.70375,20.65875,1/1,25.3304,25.0,23.703,24.058,26.019,27.158,22.366,40.177,13.63973723273222,-0.0357170437871651,7,3,True,True,True,True,True,True,B,0.6785714285714286,163.0
P250 | Nevermore (Factory New),True,True,True,0.2077,0.6178214537463199,194,summary,True,True,True,True,True,4.17,50,-0.0068752584959367,0.0,316,3.0040194626613146,3.723291728368947,0.9622479622479622,6.32,-0.0513656746840602,-0.0024733942795021,-0.1137954879676913,0.5541469703480876,0.0148259561667382,-0.0268179541584583,2026-06-17T01:13:15.743559+00:00,ok,,best_deal,2026-04-18T13:38:14.980101+00:00,,True,8,4.41875,4.3875,1/1,4.727,4.662,4.486,4.585,4.727,4.789,3.845,16.896,6.409985191453352,-0.0118895966029723,7,3,True,True,True,True,True,True,B,0.6671626984126984,168.0
XM1014 | Incinegator (Field-Tested),True,True,True,0.19,0.5260838796683267,136,summary,True,True,True,True,True,5.83,50,-0.000674050974905,0.0,308,4.37398279469891,6.526098581725175,0.9333877187778108,6.16,0.1161835197443506,0.0104876389998439,0.0419749026348619,0.1207907293796864,0.1207907293796864,-0.0488367763459996,2026-06-17T00:31:12.352548+00:00,ok,,best_deal,2026-04-19T09:47:11.522611+00:00,,True,8,5.82,5.81625,1/2,6.8816,6.742,6.2929,6.57,6.871,7.1551,5.728,21.121,12.529063008602645,0.0964125560538116,7,3,True,True,True,True,True,True,B,0.6577380952380952,174.0
Five-SeveN | Heat Treated (Minimal Wear),True,True,True,0.1867,3.460552988752946,400,summary,True,True,True,True,True,9.21,50,0.0019855357829283,0.0,217,6.876193783642987,2.102216820049782,0.9753327900027166,4.34,0.0538329026701118,-0.0189013458539166,,0.2363438223675249,0.1108840757390001,-0.0044858072769983,2026-06-17T00:08:56.832498+00:00,ok,,best_deal,2026-04-17T12:01:14.028631+00:00,,True,8,9.44875,9.4675,1/1,8.6385,7.362,7.1804,7.285,7.879,9.424,3.45,54.796,25.97210163801585,-0.0103801563763817,7,3,True,True,True,True,True,True,B,0.5625,220.0
StatTrak™ M4A1-S | Black Lotus (Minimal Wear),True,True,True,0.0722,0.3131677241514296,143,summary,True,True,True,True,True,23.52,50,-0.0006380706628427,0.0,165,6.666076180426914,5.69947587927894,0.9427133733307528,3.3,0.007845413522572,0.0098331185777052,,0.0884330992457177,0.0820421357708171,-0.0449634603440403,2026-06-17T00:30:54.224535+00:00,ok,,best_deal,2026-05-11T18:50:42.072997+00:00,,True,8,24.3475,24.3325,1/1,25.9673,25.835,24.355,25.126,26.857,27.25,23.886,30.699,11.148636939535493,0.0320391141788898,7,3,True,True,True,True,True,True,B,0.44543650793650796,281.0
USP-S | The Traitor (Field-Tested),True,True,True,0.0725,0.3935929906222192,279,summary,True,True,True,True,True,39.35,50,0.0005629284372625,0.0,162,4.068077293468575,5.1165972153470936,0.94828644850249,3.24,-0.0009248341078819,0.0009299783984421,,0.0601467218995162,0.0238828076184304,-0.0380557265843537,2026-06-17T00:18:01.515645+00:00,ok,,best_deal,2026-04-19T08:48:46.653553+00:00,,True,8,39.91875,39.94125,2/2,44.4436,43.973,41.699,43.2,45.008,46.367,38.748,57.278,10.503199560791652,-0.0349948635490642,7,3,True,True,True,True,True,True,B,0.4337797619047619,287.0
AWP | Wildfire (Field-Tested),True,True,True,0.062,0.252670818930628,348,summary,True,True,True,True,True,48.47,50,-0.0024049642677721,0.0,156,5.883731505124343,5.552835006471016,0.9439085576991024,3.12,-0.0242920672865655,-0.000216449996202,,0.0889585472626061,0.0134032319083391,-0.0456353700118195,2026-06-17T00:44:06.641943+00:00,ok,,best_deal,2026-04-17T04:58:17.763714+00:00,,True,8,48.54,48.4225,1/1,57.178,56.604,53.429,55.1535,58.5177,63.5925,43.001,71.381,17.775193256147467,-0.0237944497203757,7,3,True,True,True,True,True,True,B,0.42361111111111105,292.0
SSG 08 | Big Iron (Field-Tested),True,True,True,0.0912,0.44525416946901525,70,summary,True,True,True,True,True,10.72,50,0.01289885418972,0.0,148,7.552355143587619,6.830347310664461,0.9306060900865842,2.96,0.0922076642695302,-0.0002935701691554,0.0110986419185628,0.1371876973031479,0.1093172183638495,-0.0434507151984143,2026-06-16T23:09:55.440290+00:00,ok,,best_deal,2026-04-18T18:07:04.280680+00:00,,True,8,12.32625,12.49875,1/1,10.4431,10.279,9.5657,9.941,10.7297,11.272,8.611,16.661,16.339018107650034,0.1227341772151897,7,3,True,True,True,True,True,True,B,0.40625,302.0
Glock-18 | Water Elemental (Factory New),True,True,True,0.1149,0.5524173864530719,225,summary,True,True,True,True,True,42.91,50,0.0038649723974043,0.0,130,9.07685164731232,10.346050008664148,0.8990722101785898,2.6,0.0932416920966432,0.0216129638480235,0.0463379695145302,0.1653478277570775,0.139111896439135,-0.0884694776738914,2026-06-16T23:57:41.966334+00:00,ok,,best_deal,2026-04-17T20:09:36.653159+00:00,,True,8,42.24625,42.41375,1/1,75.5989,77.496,69.6745,71.933,78.795,80.2163,43.065,88.492,13.944382788638473,-0.0255652043719118,7,3,True,True,True,True,True,True,B,0.3725198412698413,317.0
UMP-45 | Crimson Foil (Factory New),True,True,True,0.2035,0.6993047109846485,400,summary,True,True,True,True,True,14.72,50,0.0005742287430519,0.0,121,4.144089328147752,3.716524556195989,0.9624241416576608,2.42,-0.0010033864291986,-0.0052116107221044,,0.0761247122829044,0.0005021971123666,-0.0259104946977852,2026-06-17T00:17:44.875285+00:00,ok,,best_deal,2026-04-18T21:27:53.726345+00:00,,True,8,15.595,15.605,1/1,12.1619,12.029,11.577,11.883,12.387,12.52,9.793,18.935,7.753722691355788,-0.0244947948560929,7,3,True,True,True,True,True,True,C,0.34027777777777773,336.0
StatTrak™ Zeus x27 | Tosai (Factory New),True,True,True,0.2538,0.6397020868667502,84,summary,True,True,True,True,True,4.06,50,-0.0151478586678063,0.0,114,7.197032493368713,7.526525198938992,0.9211120764552564,2.28,-0.045058772311711,-0.0061168638339677,-0.0234545043289539,0.1001823569637567,0.0186915887850466,-0.0800956337829626,2026-06-17T02:15:39.244857+00:00,ok,,best_deal,2026-05-12T19:50:20.451907+00:00,,True,8,4.08375,4.0225,1/1,4.8256,4.604,4.2408,4.387,4.7343,5.6837,3.169,9.997,29.9009449602122,-0.0659995741962956,7,3,True,True,True,True,True,True,C,0.3191964285714286,345.0
SG 553 | Integrale (Field-Tested),True,True,True,0.1958,0.605766900896535,129,summary,True,True,True,True,True,8.52,50,0.0042877155648406,0.0,110,7.295016276009471,4.189217267411381,0.9565699046056004,2.2,-0.0512353179424868,-0.0091469966340519,-0.0035394284114033,0.1295624332977588,0.0323372465314833,-0.027501457542875,2026-06-16T23:54:24.034633+00:00,ok,,best_deal,2026-04-18T17:43:35.578286+00:00,,True,8,11.37,11.4225,1/1,10.1069,9.749,9.3256,9.472,10.2093,11.0831,4.401,17.435,17.389110409720097,-0.0631873625274946,7,3,True,True,True,True,True,True,C,0.29414682539682535,355.0
★ Broken Fang Gloves | Unhinged (Field-Tested),True,True,True,0.061,0.1952192486493279,149,summary,True,True,True,True,True,66.19,50,0.0020673343825665,0.0,103,7.797592860893486,8.319840642178997,0.9164316815260212,2.06,0.0335144260076769,0.0090210501044379,,0.1320698461259251,0.0792445003305635,-0.0714166435095918,2026-06-17T00:08:40.882111+00:00,ok,,best_deal,2026-05-21T00:20:19.863092+00:00,,True,8,67.88625,68.02375,1/1,77.5111,77.168,70.7192,74.597,80.641,84.3538,66.095,90.421,17.590512842676734,-0.0022505335316561,7,3,True,True,True,True,True,True,C,0.26240079365079366,374.0
M4A4 | Polysoup (Field-Tested),True,True,True,0.096,0.33035200031777334,167,summary,True,True,True,True,True,14.35,50,-0.0008874903378462,0.0,102,4.68717222571848,3.8808474931822863,0.960459524445632,2.04,0.0529605715070751,0.0072765670820664,,0.0887859612499185,0.0502968230152,-0.0300384935974939,2026-06-17T00:33:04.105946+00:00,ok,,best_deal,2026-04-17T23:19:30.989744+00:00,,True,8,16.53375,16.52125,1/1,15.2544,14.972,14.38,14.844,15.559,15.973,12.692,19.923,10.442888609188168,0.0184705335193675,7,3,True,True,True,True,True,True,C,0.2566964285714286,378.0
MAC-10 | Cat Fight (Factory New),True,True,True,0.1876,0.6482307463574188,170,summary,True,True,True,True,True,5.0,50,0.0023440090564399,0.0,91,9.067936631353872,3.712702886577896,0.9588628042214086,1.82,0.071709461022438,0.0134079448185696,,0.1383552773580833,0.0688538743794517,-0.0257780376429518,2026-06-17T00:07:29.146100+00:00,ok,,best_deal,2026-04-18T00:30:33.862438+00:00,,True,8,4.9325,4.945,1/1,5.1445,4.643,4.452,4.4885,4.955,7.0,3.981,10.123,49.528622801049664,-0.0577587960138294,7,3,True,True,True,True,True,True,C,0.23015873015873015,387.0
AK-47 | Inheritance (Factory New),True,True,True,1.0412,17.781324490622673,294,summary,True,True,True,True,True,165.58,50,0.0070651826723993,0.0,78,2.759515841491252,2.5340130735308013,0.9744159756474948,1.56,-0.0201748969268289,-0.0005862489014394,-0.0121766296311074,0.0605136594976716,0.0004933524732874,-0.0101101487566717,2026-06-16T23:38:37.138581+00:00,ok,,best_deal,2026-04-17T00:44:46.153117+00:00,,True,8,174.61875,176.3925,1/1,159.865,158.341,154.29,156.258,160.6695,164.236,148.396,206.966,6.221499390110404,-0.010977007152211,7,3,True,True,True,True,True,True,C,0.16418650793650794,422.0
★ Driver Gloves | Black Tie (Field-Tested),True,True,True,0.2088,0.5839301704969282,400,summary,True,True,True,True,True,138.53,50,0.0003752875132663,0.0,61,10.363068683131594,9.65405820998563,0.8980743672111999,1.22,0.0253472139504966,0.010201926557666,0.0182770686371842,0.0929753026184336,0.0926906902720661,-0.0892382350975772,2026-06-17T00:18:58.606935+00:00,ok,,best_deal,2026-05-21T01:19:35.233426+00:00,,True,8,163.14625,163.2075,1/1,177.1483,167.789,150.687,158.427,176.785,203.413,131.571,344.995,29.763762903736584,0.0285325112911318,7,3,True,True,True,True,True,True,C,0.07118055555555555,470.0
M4A4 | Full Throttle (Minimal Wear),True,True,True,0.0541,0.369463949600777,129,summary,True,True,True,True,True,112.83,50,0.0043899939081423,0.0,58,7.282467126978179,8.073382219129691,0.9209725939477028,1.16,0.0506224739453087,0.0115699790513746,0.0273437167094989,0.1078774466917125,0.0894018149692071,-0.0696547532601359,2026-06-16T23:53:54.090420+00:00,ok,,best_deal,2026-04-17T23:10:08.421108+00:00,,True,8,111.89625,112.38875,1/1,112.098,114.5185,105.4684,110.0735,118.237,120.3535,1.466,129.453,13.278649039233525,0.041513681558706,7,3,True,True,True,True,True,True,C,0.05803571428571429,476.0
M4A1-S | Printstream (Field-Tested),True,True,True,0.0803,0.32932274869759365,400,summary,True,True,True,True,True,213.27,50,4.879006412251974e-05,0.0,56,14.709331953493107,9.898981583837053,0.8992879063729489,1.12,0.0800653241798834,-0.0159566757096673,,0.1787370046361298,0.0741300756421179,-0.0924143085556729,2026-06-17T00:23:04.744781+00:00,ok,,best_deal,2026-04-17T22:14:55.595031+00:00,,True,8,230.38875,230.395,1/1,255.102,250.7395,225.487,238.168,275.6918,289.96,184.0,319.439,25.2734200437472,-0.0306366181454396,7,3,True,True,True,True,True,True,C,0.05009920634920635,481.0
M4A1-S | Golden Coil (Field-Tested),True,True,True,0.0619,0.33784716280148175,191,summary,True,True,True,True,True,69.4,50,0.0006403941617678,-6.187353050357558e-05,86,8.686905765269277,8.721681402037754,0.912101686046158,1.72,0.1049065900225825,0.0061435912691819,,0.1060827759197323,0.1060827759197323,-0.0778850417779257,2026-06-17T00:16:49.570652+00:00,ok,,best_deal,2026-04-17T21:24:54.042636+00:00,,True,8,76.4825,76.5425,1/1,82.8166,82.1745,74.9515,78.9225,86.1167,89.767,70.117,100.943,17.889529393865484,0.0107872712546805,7,3,True,True,True,True,True,True,C,0.20188492063492064,403.0
StatTrak™ Glock-18 | Shinobu (Minimal Wear),True,True,True,0.2732,2.11231780908866,83,summary,True,True,True,True,True,20.41,50,-0.0045744505913712,-0.0002487562189054,112,9.502326886747008,8.039592679626859,0.9182598326270736,2.24,-0.0088672890821503,-0.002917437509934,-0.0036134117923815,0.1280055056131446,0.0544539550088175,-0.0747594771835075,2026-06-17T00:58:40.917152+00:00,ok,,best_deal,2026-05-11T18:15:11.646149+00:00,,True,8,20.31125,20.21875,1/1,23.8731,23.4805,21.5612,22.741,25.0095,26.5113,18.916,29.707,20.73505326078305,0.0188885967218863,7,3,True,True,True,True,True,True,C,0.3053075396825397,351.0
StatTrak™ Glock-18 | Vogue (Minimal Wear),True,True,True,0.136,0.3970254111771958,116,summary,True,True,True,True,True,11.83,50,0.0012565408207415,-0.0002946375957573,142,7.001417851091052,5.225299996541824,0.9470400616872876,2.84,0.0487172095704813,0.0004724242798084,0.0087628914483997,0.0734606926882903,0.0467289719626168,-0.0393098346573261,2026-06-17T00:13:22.649767+00:00,ok,,best_deal,2026-05-11T18:37:06.330471+00:00,,True,8,14.185,14.2075,1/1,14.4585,14.2655,13.51,13.864,14.8763,15.668,12.003,20.41,14.925476363384856,0.0412880143112701,7,3,True,True,True,True,True,True,B,0.39012896825396826,307.0
★ Paracord Knife | Rust Coat (Battle-Scarred),True,True,True,0.1746,0.6584360527532461,79,summary,True,True,True,True,True,45.95,50,-0.0067990475596443,-0.0004212425844014,126,6.293995859213242,5.944860292686374,0.9401420057194274,2.52,-0.0307343341471438,0.0061674544671859,,0.1144735431776769,0.0356568651970417,-0.0553167972169454,2026-06-17T01:12:14.246131+00:00,ok,,best_deal,2026-05-21T11:49:09.315223+00:00,,True,8,46.3975,46.08625,1/1,56.511,56.1245,52.765,54.4335,57.9903,59.131,51.173,77.487,11.26506343897648,-0.002610268242924,7,3,True,True,True,True,True,True,C,0.35664682539682535,329.0
Desert Eagle | Kumicho Dragon (Battle-Scarred),True,True,True,0.0706,0.2626552053486151,43,summary,True,True,True,True,True,21.03,44,-0.0204686526319494,-0.0005252578883494,67,2.1268116883679413,4.8297251171695725,0.9517357804519088,1.5227272727272727,-0.0213220527282826,-0.0030677365303437,-0.0086522101612483,0.0351685295144953,0.0106313307719176,-0.0607284977576357,2026-06-17T02:57:38.762649+00:00,ok,,best_deal,2026-04-17T06:59:06.880856+00:00,,False,8,21.355,20.9475,1/1->1/1,23.0862,23.102,21.987,22.837,23.328,23.6866,20.479,30.32,7.3619738198577505,-0.0181755829903977,7,3,True,True,True,True,True,True,C,0.12748015873015872,442.0
XM1014 | Entombed (Factory New),True,True,True,0.2463,0.6207062294375523,161,summary,True,True,True,True,True,8.67,50,-0.0106504964392104,-0.000542888165038,346,1.7244098627832365,3.3962462541401464,0.9650735294117648,6.92,-0.0256772930040257,-0.0025236645102203,-0.0019853124052421,0.0481295365717477,0.0077051926298158,-0.0266384553488219,2026-06-17T01:39:36.669738+00:00,ok,,best_deal,2026-04-19T08:58:19.552302+00:00,,True,8,9.12125,9.0325,2/2,9.5105,9.248,8.925,9.127,9.291,9.614,3.527,24.479,7.244624362546659,-0.0349695565493829,7,3,True,True,True,True,True,True,B,0.6879960317460316,159.0
M4A4 | Neo-Noir (Minimal Wear),True,True,True,0.059,0.2716790189405173,252,summary,True,True,True,True,True,61.47,50,-0.0009972630627927,-0.000568503232755,109,12.720173337373286,6.607629817229685,0.9313932954427412,2.18,0.0845220185726325,-0.0003945611691626,,0.1198835081195711,0.1067164395898091,-0.0570250188354009,2026-06-17T00:33:38.925123+00:00,ok,,best_deal,2026-04-17T23:18:38.288733+00:00,,True,8,61.41375,61.3525,1/1,69.9676,67.387,62.7638,63.331,72.231,81.4598,45.826,103.114,26.72093940623945,0.0035786911174116,7,3,True,True,True,True,True,True,C,0.2867063492063492,359.0
USP-S | Printstream (Minimal Wear),True,True,True,0.1386,1.5736506795653977,369,summary,True,True,True,True,True,64.91,50,-0.0068470623973467,-0.0006929355509734,177,5.791545659890299,5.912875121006781,0.940689815893731,3.54,0.0181793913507741,0.0056423038243313,0.0087216948810044,0.0616200414252378,0.0292270784719853,-0.0528346965502724,2026-06-17T01:12:58.508811+00:00,ok,,best_deal,2026-04-19T07:55:07.309657+00:00,,True,8,65.505,65.0625,1/2,77.475,77.238,72.657,74.722,79.209,81.612,59.358,128.445,11.558567279767669,-0.0260463215954649,7,3,True,True,True,True,True,True,B,0.4776785714285714,263.0
Glock-18 | Green Line (Factory New),True,True,True,0.1718,0.6233169999558557,400,summary,True,True,True,True,True,10.26,50,-0.0024487255672541,-0.0008424599831509,184,6.493703403670952,3.3538526852048416,0.9661033274956216,3.68,0.0855003403675971,0.0114193533880803,,0.1359170533885196,0.1359170533885196,-0.02258233535782,2026-06-17T00:44:19.731814+00:00,ok,,best_deal,2026-04-17T18:29:07.468649+00:00,,True,8,12.21,12.18125,1/1,23.0839,22.84,22.0658,22.241,23.74,25.005,1.257,34.369,12.732683818592175,0.0763657636576364,7,3,True,True,True,True,True,True,B,0.5044642857142857,249.0
PP-Bizon | High Roller (Minimal Wear),True,True,True,0.073,0.26790591213726495,28,summary,True,True,True,True,True,11.65,33,1.275799754124618e-05,-0.0008598452278589,65,18.55734954917173,10.302649052911164,0.8939415743272413,1.9696969696969693,-0.0153211772716955,0.0112888195543165,,0.2033885281801068,0.0042644742402704,-0.0935594898152782,2026-06-17T00:23:17.641720+00:00,ok,,best_deal,2026-04-19T02:56:15.595103+00:00,,False,8,11.35625,11.35625,1/2->2/2,14.307,13.898,12.424,12.951,15.606,16.3768,9.91,19.626,27.628433633885507,-0.127217248432418,7,3,True,True,True,True,True,True,C,0.13566468253968256,438.0
AWP | Green Energy (Battle-Scarred),True,True,True,0.1191,0.3896041041525506,61,summary,True,True,True,True,True,10.63,50,-0.0027607038540848,-0.0009017132551848,586,1.8845586991712844,2.62146947256516,0.9738617200674538,11.72,-0.0211301617966676,-0.0045359043726127,-0.0157538382998908,0.0472431232268411,0.0,-0.0068856563534884,2026-06-17T00:47:08.449779+00:00,ok,,best_deal,2026-04-17T03:59:51.987872+00:00,,True,8,10.9725,10.94375,1/1,8.2778,8.302,8.085,8.196,8.352,8.379,7.724,11.863,3.551668317668931,-0.0262446699897904,7,3,True,True,True,True,True,True,A,0.7872023809523809,108.0
AWP | Crakow! (Battle-Scarred),True,True,True,0.1885,0.6689635083419548,160,summary,True,True,True,True,True,26.05,50,-0.0065638799682268,-0.0009469696969697,355,3.4532386923141987,4.500349779661099,0.9552523149173718,7.1,0.0728574728574729,0.0094545783383464,0.0154234881985431,0.0679097407630695,0.0679097407630695,-0.0333976773872648,2026-06-17T01:10:30.930825+00:00,ok,,best_deal,2026-04-17T03:54:41.662025+00:00,,True,8,26.90125,26.72375,1/1,22.4427,22.571,21.561,22.19,22.965,23.291,2.818,25.845,7.708519919617516,0.0134857940906909,7,3,True,True,True,True,True,True,A,0.7023809523809523,150.0
AWP | Atheris (Battle-Scarred),True,True,True,0.4506,5.159752229719663,219,summary,True,True,True,True,True,4.15,50,-0.0082091092686362,-0.0011764705882352,867,7.047967913198717,5.656921614541066,0.9433217189314752,17.34,-0.0272727272727273,-0.0046232595322301,-0.0127848315466251,0.0990654205607475,0.0322429906542055,-0.0395103387873668,2026-06-17T01:24:24.325314+00:00,ok,,best_deal,2026-04-17T03:50:32.045357+00:00,,True,8,4.92,4.8825,1/1,4.3133,4.305,4.061,4.156,4.46,4.578,3.804,4.901,11.98618227343334,-0.0046511627906975,7,3,True,True,True,True,True,True,A,0.8606150793650794,72.0
SSG 08 | Rapid Transit (Factory New),True,True,True,0.3415,2.8619903898548573,107,summary,True,True,True,True,True,12.63,50,-0.0118705406594503,-0.0011811023622048,67,8.01532897932747,10.625933322538282,0.8942524619516562,1.34,-0.0776694766420794,-0.0153975176587768,-0.0298088902166613,0.1128671395249203,0.0,-0.1107455567366302,2026-06-17T01:47:25.959380+00:00,ok,,best_deal,2026-04-18T18:29:48.161793+00:00,,True,8,12.8775,12.72625,1/1,11.1162,11.17,9.9888,10.677,11.568,12.0336,9.033,14.139,18.394775192961628,-0.0586574654956085,7,3,True,True,True,True,True,True,C,0.11631944444444443,446.0
MP9 | Food Chain (Field-Tested),True,True,True,0.1059,0.46405763153824053,253,summary,True,True,True,True,True,4.01,50,-0.0074873567754998,-0.0011820330969266,808,5.703543887381717,4.720910858094976,0.9527878658406324,16.16,-0.053638162233458,-0.0121010397605393,-0.0206340146490003,0.1149825783972125,0.0,-0.0300061196861958,2026-06-17T01:16:49.155601+00:00,ok,,best_deal,2026-04-18T07:29:02.702384+00:00,,True,8,4.2075,4.1762500000000005,1/1,4.6813,4.681,4.46,4.544,4.811,4.927,3.036,5.022,9.975861406019687,-0.0603514132925898,7,3,True,True,True,True,True,True,A,0.8452380952380952,79.0
SG 553 | Integrale (Battle-Scarred),True,True,True,0.2026,0.6596412195318156,62,summary,True,True,True,True,True,4.07,50,-0.0005147578801698,-0.0012077294685991,185,4.824241815120976,5.201135706927305,0.9484176426613506,3.7,-0.0642308587386548,0.0051347714386909,-0.0046653102333585,0.0997264362098979,0.0310867943297687,-0.0390841577907285,2026-06-17T00:28:36.766022+00:00,ok,,best_deal,2026-04-18T17:43:28.082708+00:00,,True,8,4.438750000000001,4.43875,1/1,3.9799,4.013,3.806,3.892,4.084,4.174,2.922,4.414,9.246463478981893,-0.0211781888997077,7,3,True,True,True,True,True,True,B,0.5074404761904762,248.0
AWP | Atheris (Well-Worn),True,True,True,0.1021,1.3274453288203723,184,summary,True,True,True,True,True,4.35,50,-0.0023405942567098,-0.0012224938875304,1431,5.836994916860513,5.276988024467996,0.94711849773365,28.62,0.0633234169145768,0.0070681271576548,0.0255612747306557,0.1053157474020781,0.1053157474020781,-0.0256787734176859,2026-06-17T00:42:41.977679+00:00,ok,,best_deal,2026-04-17T03:50:47.720674+00:00,,True,8,4.31,4.3,1/1,4.6428,4.633,4.388,4.492,4.763,4.941,3.964,5.725,11.910915826656328,0.0574809805579035,7,3,True,True,True,True,True,True,A,0.9305555555555556,36.0
StatTrak™ M4A4 | Tooth Fairy (Battle-Scarred),True,True,True,0.0872,0.30967877388200704,25,summary,True,True,True,True,True,7.66,22,-0.0112825068167388,-0.0013405042524173,112,4.935777989559472,5.66405416554059,0.9438957379358928,5.090909090909091,-0.0249572162007987,0.0036037029511199,-0.0209356943367182,0.1229340353956414,0.0193798449612403,-0.0522294061212926,2026-06-17T01:43:18.751482+00:00,ok,,best_deal,2026-05-11T22:29:41.008630+00:00,,False,8,7.6675,7.58,1/1->1/1,7.0303,7.0975,6.6993,6.886,7.233,7.465,5.439,7.573,10.891427108373753,-0.0401516215077917,7,3,True,True,True,True,True,True,B,0.38095238095238093,312.0
AUG | Fleet Flock (Field-Tested),True,True,True,0.0633,0.18425799228759804,59,summary,True,True,True,True,True,13.04,43,-1.4471216263495237e-06,-0.0014905018500804,97,5.6254513664525465,7.331331483522745,0.927319315698244,2.255813953488372,0.0300607365264857,0.0033234270107953,,0.1017316017316017,0.0568741603224362,-0.0630615703548807,2026-06-17T00:23:59.200436+00:00,ok,,best_deal,2026-04-17T02:46:51.685730+00:00,,False,8,13.555,13.57625,1/1->1/1,13.1545,13.269,12.3046,12.873,13.613,13.8016,11.504,13.852,11.380136075107377,-0.0327750505342189,7,3,True,True,True,True,True,True,C,0.263640873015873,372.0
★ Kukri Knife | Crimson Web (Field-Tested),True,True,True,0.0606,0.19588679237452555,144,summary,True,True,True,True,True,93.92,50,-0.0035569336068295,-0.0018111143227611,90,5.987752444370631,7.2795541039153,0.9272515718852083,1.8,0.0336623777429823,0.0025635876552053,0.0071545646594917,0.0929519828585478,0.0725350381116302,-0.0674093140191381,2026-06-17T00:52:07.171855+00:00,ok,,best_deal,2026-05-21T07:32:08.919133+00:00,,True,8,93.13625,92.80875,1/1,113.8023,113.876,105.5917,109.4925,116.3067,121.7006,91.927,139.045,14.155162066144523,-0.0087309255825694,7,3,True,True,True,True,True,True,C,0.22321428571428573,392.0
AUG | Stymphalian (Minimal Wear),True,True,True,0.1601,0.3676995007528329,87,summary,True,True,True,True,True,5.34,50,-0.0047326673761175,-0.0018657300887267,180,10.651023288637964,7.286520818630915,0.9262104698945864,3.6,0.0629569841420569,0.0176863831664839,0.0203270657704639,0.1550830802215471,0.0737895301054136,-0.0643427189287951,2026-06-17T00:59:17.411128+00:00,ok,,best_deal,2026-04-17T02:58:27.480865+00:00,,True,8,5.81125,5.7875,1/1,5.668,5.597,5.184,5.3063,5.91,6.088,2.906,8.044,15.949188426252643,-0.0751817580964968,7,3,True,True,True,True,True,True,B,0.4885912698412699,258.0
MP7 | Abyssal Apparition (Battle-Scarred),True,True,True,0.1682,0.5422579961872485,74,summary,True,True,True,True,True,6.47,50,0.0033066201202217,-0.0021452120926672,685,3.878058275686526,3.1443715748809624,0.968609865470852,13.7,0.0431575643440049,0.0011980469011731,,0.0934256055363322,0.0695050398676095,-0.0047907489336244,2026-06-17T00:02:03.553041+00:00,ok,,best_deal,2026-04-18T05:21:32.467828+00:00,,True,8,7.645,7.67375,1/1,6.6786,6.69,6.48,6.604,6.863,6.9292,3.627,7.097,6.725960530650127,-0.0064275037369208,7,3,True,True,True,True,True,True,A,0.8075396825396826,98.0
StatTrak™ AK-47 | Legion of Anubis (Field-Tested),True,True,True,0.0831,0.6959631268690556,76,summary,True,True,True,True,True,37.22,50,-0.0005911048299805,-0.0023891691000795,107,6.62417395107852,5.385016019317871,0.9456996703421622,2.14,0.0646062836248457,0.012297334424858,,0.0819933932751416,0.072192688849511,-0.0445026720616949,2026-06-17T00:29:54.217865+00:00,ok,,best_deal,2026-05-11T08:01:55.100467+00:00,,True,8,37.03375,37.01375,1/1,44.3527,43.985,41.5966,43.221,46.159,47.4122,38.147,51.664,13.11216679029686,0.0241525328792595,7,3,True,True,True,True,True,True,C,0.279265873015873,364.0
StatTrak™ AK-47 | Elite Build (Well-Worn),True,True,True,0.1795,3.3497892835641183,347,summary,True,True,True,True,True,4.21,50,0.0026700678087819,-0.0023894896712381,357,5.799824371515524,6.739232544366616,0.9328175895765471,7.14,-0.0256937307297019,-0.000575649297274,,0.0472573839662447,0.0,-0.0465097695371002,2026-06-17T00:05:20.893106+00:00,ok,,best_deal,2026-05-11T07:59:15.505803+00:00,,True,8,4.1762500000000005,4.1875,1/1,4.8967,4.912,4.582,4.762,5.046,5.238,2.95,6.665,13.396777421528796,-0.0359975594874922,7,3,True,True,True,True,True,True,A,0.7043650793650793,149.0
AK-47 | Midnight Laminate (Battle-Scarred),True,True,True,0.0949,0.34881692924829943,65,summary,True,True,True,True,True,3.34,50,-0.0042854874585897,-0.0023990895469466,1236,8.675873273761166,4.2567018683996825,0.9567799406136588,24.72,0.0588825694212111,0.0010838439608371,0.0062803204471961,0.0859399684044233,0.0679304897314375,-0.0186470868575428,2026-06-17T00:56:21.702871+00:00,ok,,best_deal,2026-04-17T00:48:28.790541+00:00,,True,8,3.75375,3.73875,1/1,3.0775,3.031,2.9,2.935,3.202,3.315,2.7,3.748,13.484971567831034,0.0560560560560561,7,3,True,True,True,True,True,True,A,0.9126984126984127,45.0
StatTrak™ AWP | Duality (Minimal Wear),True,True,True,0.1457,0.39725759059745336,115,summary,True,True,True,True,True,10.62,50,-0.0007353619202064,-0.0027763283133548,186,4.577990365696449,5.109742859081356,0.9481675843083276,3.72,0.0158466118017859,6.835795184597806e-05,,0.0613634404895285,0.0226665517538567,-0.0383539505383382,2026-06-17T00:31:24.514374+00:00,ok,,best_deal,2026-05-11T10:10:39.237271+00:00,,True,8,13.285,13.27,1/1,11.7912,11.624,11.0215,11.3842,11.924,12.2635,6.902,21.793,10.533279055566872,-0.026430609162611,7,3,True,True,True,True,True,True,B,0.5124007936507937,245.0
Glock-18 | Neo-Noir (Field-Tested),True,True,True,0.0717,0.2647750732152288,128,summary,True,True,True,True,True,40.51,50,-0.0036455164349182,-0.0027973729019703,69,5.247560628413178,6.127546134534256,0.939097067398388,1.38,0.0823661214429753,0.0045477434991775,,0.0939634827971679,0.0939634827971679,-0.0573894386391305,2026-06-17T00:52:40.223174+00:00,ok,,best_deal,2026-04-17T19:12:55.213281+00:00,,True,8,40.86125,40.71125,1/1,46.3644,46.648,43.807,45.645,48.078,48.7508,0.542,65.295,10.6629224146112,0.0099096838936276,7,3,True,True,True,True,True,True,C,0.12946428571428573,441.0
AK-47 | Nouveau Rouge (Field-Tested),True,True,True,0.1244,0.440831985834353,277,summary,True,True,True,True,True,15.76,50,-0.0171427382581651,-0.0028256746364777,765,3.000077649068569,2.1106428636976577,0.9785478547854785,15.3,0.0414804469273741,0.0092229877000636,0.0221545207175191,0.0779133699879307,0.0779133699879307,-0.0140054148070625,2026-06-17T02:31:42.593012+00:00,ok,,best_deal,2026-04-17T00:50:36.186748+00:00,,True,8,16.2475,15.97625,1/1,14.1663,13.938,13.639,13.811,14.236,14.526,12.873,27.79,6.261338528761924,0.0665808481727812,7,3,True,True,True,True,True,True,A,0.8333333333333334,85.0
MP7 | Fade (Field-Tested),True,True,True,0.1077,0.42481668236641357,175,summary,True,True,True,True,True,8.99,50,-8.654459235293843e-05,-0.0028956568257879,264,4.49392199487243,3.801799518438733,0.9618021547502448,5.28,0.0326185442464512,0.007602705927246,0.027224603657346,0.2401286926001755,0.1034415521107536,-0.0221453469019963,2026-06-17T00:24:31.030555+00:00,ok,,best_deal,2026-04-18T05:29:30.908809+00:00,,True,8,10.815,10.81625,1/1,10.2583,10.21,9.82,9.973,10.434,10.686,8.615,15.25,8.441944571712659,0.0046033300685601,7,3,True,True,True,True,True,True,B,0.6106150793650794,198.0
StatTrak™ Zeus x27 | Olympus (Field-Tested),True,True,True,0.1559,1.2396185788988006,139,summary,True,True,True,True,True,5.97,50,-0.0035313044209603,-0.0029655632847327,278,4.368204808733446,7.00099378513476,0.9305984414056756,5.56,0.0201224846894139,-0.0003508979426017,,0.0627501429388221,0.044882790165809,-0.0572031654847946,2026-06-17T00:51:20.874704+00:00,ok,,best_deal,2026-05-12T19:49:57.723303+00:00,,True,8,7.09625,7.07375,1/1,6.7419,6.801,6.329,6.639,6.9335,7.0683,4.306,9.484,10.965751494385856,0.0246045694200351,7,3,True,True,True,True,True,True,B,0.6294642857142857,188.0
StatTrak™ USP-S | Jawbreaker (Field-Tested),True,True,True,0.274,3.0269814502529515,137,summary,True,True,True,True,True,9.79,50,-0.0082287779555083,-0.0030623372251188,254,7.016316157784232,6.769548082943546,0.9321771217712176,5.08,-0.0026340545625587,0.0056518313085285,-0.0088483391059829,0.1010186757215619,0.0254668930390491,-0.060246187199489,2026-06-17T01:24:37.348858+00:00,ok,,best_deal,2026-05-12T18:11:45.959393+00:00,,True,8,9.8825,9.80125,1/1,10.8604,10.84,10.1048,10.335,11.097,11.502,7.251,18.076,12.865087842068446,-0.0300978867441221,7,3,True,True,True,True,True,True,B,0.597718253968254,203.0
StatTrak™ FAMAS | Rapid Eye Movement (Minimal Wear),True,True,True,0.1651,0.37848584399153723,29,summary,True,True,True,True,True,7.35,33,0.0001780113655192,-0.0032527881040892,142,7.990997989398652,10.1238347651252,0.8993983426041549,4.303030303030303,0.0791358319407973,0.0133136086425042,0.0275985051837484,0.1118239132839288,0.1118239132839288,-0.0865698541095646,2026-06-17T00:21:22.724648+00:00,ok,,best_deal,2026-05-11T14:09:06.052361+00:00,,False,8,9.585,9.61,1/1->1/1,8.7536,8.809,7.9228,8.4625,9.162,9.5127,4.583,10.333,18.16281301407422,0.0399723931673088,7,3,True,True,True,True,True,True,B,0.43452380952380953,285.0
MAG-7 | Justice (Field-Tested),True,True,True,0.1166,0.38716814159292035,55,summary,True,True,True,True,True,5.86,50,-0.0039162111984727,-0.0033058212506932,209,8.493664946034727,5.912717034256219,0.9401804082924512,4.18,-0.0151820294345468,0.0040574828952104,0.0053636425093892,0.0706308006921503,0.0363378952336007,-0.0487567863461302,2026-06-17T00:54:14.163207+00:00,ok,,best_deal,2026-04-18T03:26:46.039827+00:00,,True,8,6.8175,6.7875,1/1,6.393,6.319,5.941,6.165,6.708,6.884,5.011,7.472,14.750508368528086,0.0220257234726688,7,3,True,True,True,True,True,True,B,0.5505952380952381,226.0
SG 553 | Dragon Tech (Factory New),True,True,True,0.2385,0.6125451384245018,158,summary,True,True,True,True,True,3.02,50,-0.0075450080203211,-0.0033898305084745,761,11.175954533318082,4.844185070755608,0.9507178890182384,15.22,-0.0051221434200159,-0.0163072138990105,0.0020286499959583,0.2027722772277227,0.0978217821782177,-0.0317858417303744,2026-06-17T01:17:46.941927+00:00,ok,,best_deal,2026-04-18T17:38:02.458831+00:00,,True,8,3.0075,2.9850000000000003,1/1,2.6217,2.577,2.45,2.497,2.79,2.79,1.881,4.567,12.968684441392982,-0.0241545893719808,7,3,True,True,True,True,True,True,A,0.8298611111111112,87.0
★ Moto Gloves | Smoke Out (Field-Tested),True,True,True,0.1516,0.46597654131564037,264,summary,True,True,True,True,True,119.7,50,-0.0034591378139575,-0.0035481741991563,65,11.6735000444192,5.626431846142655,0.9422807393036406,1.3,-0.0083341601349339,-0.0028422344154256,,0.1523261630815407,0.0025441292074608,-0.0524888995550321,2026-06-17T00:51:02.927125+00:00,ok,,best_deal,2026-05-21T09:42:07.127733+00:00,,True,8,150.77375,150.2875,1/1,148.5844,144.839,136.479,141.137,158.482,161.839,129.16,186.609,17.06774062418396,-0.0210372401827378,7,3,True,True,True,True,True,True,C,0.09995039682539683,456.0
Galil AR | Chromatic Aberration (Minimal Wear),True,True,True,0.0652,0.3357182823605043,116,summary,True,True,True,True,True,7.97,50,0.0023481567317717,-0.003627569528416,277,7.506498162588509,7.2532938962086515,0.928074658371292,5.54,-0.0520672120274154,-0.0063446599121336,,0.0745189504373179,0.0,-0.0538732272638294,2026-06-17T00:07:15.616746+00:00,ok,,best_deal,2026-04-17T17:15:23.876125+00:00,,True,8,8.1625,8.18125,1/1,8.9256,9.001,8.3536,8.575,9.245,9.364,6.147,13.558,11.320247378327515,-0.0494401951003216,7,3,True,True,True,True,True,True,B,0.6264880952380952,191.0
USP-S | Kill Confirmed (Field-Tested),True,True,True,0.0971,0.9240742480572294,217,summary,True,True,True,True,True,70.61,50,-0.0055709569192974,-0.0037416532459351,55,7.11587666134267,6.388785734115471,0.9351659877552017,1.1,-0.0176984428408657,0.0099895214574015,,0.0965523804991791,0.0496918794165933,-0.0630144283657737,2026-06-17T01:03:46.765443+00:00,ok,,best_deal,2026-04-19T07:50:46.882896+00:00,,True,8,75.28,74.85,1/2,83.2083,81.994,76.678,80.191,86.112,91.1718,64.491,119.695,17.418695009993005,0.0497474227125989,7,3,True,True,True,True,True,True,C,0.0441468253968254,484.0
Sawed-Off | Kiss♥Love (Field-Tested),True,True,True,0.1546,0.48083071178291015,227,summary,True,True,True,True,True,4.09,50,-0.0010899136069257,-0.0037631726632164,907,3.5863650672302816,2.518325313666414,0.9743941472336534,18.14,0.0149700598802395,0.0011512368212303,0.0105205420056133,0.0696619015203086,0.0537780803267529,-0.0006343280747733,2026-06-17T00:34:17.385753+00:00,ok,,best_deal,2026-04-19T06:56:22.072694+00:00,,True,8,4.1450000000000005,4.1425,2/2,4.4474,4.374,4.262,4.314,4.4735,4.573,3.909,7.47,6.992849754913001,0.031842659798642,7,3,True,True,True,True,True,True,A,0.8764880952380952,63.0
AK-47 | Frontside Misty (Field-Tested),True,True,True,0.1003,0.5206359233522848,400,summary,True,True,True,True,True,17.95,50,-0.0023843218392521,-0.0038859678527142,781,3.856225390878867,3.469169310753465,0.9650053022269354,15.62,-0.0242376856919467,-0.0099720337569078,-0.0229275970527732,0.0810797275641025,0.0,-0.0126633945578249,2026-06-17T00:43:15.075891+00:00,ok,,best_deal,2026-04-17T00:41:16.957145+00:00,,True,8,19.74375,19.70625,1/1,20.9272,20.746,20.02,20.392,21.199,22.137,19.236,26.01,10.11602125463512,-0.0210804980880477,7,3,True,True,True,True,True,True,A,0.8392857142857143,82.0
StatTrak™ AK-47 | Phantom Disruptor (Field-Tested),True,True,True,0.1134,0.9136693553816944,72,summary,True,True,True,True,True,14.66,50,-0.0010122113739164,-0.0040927694406548,241,4.396234529555109,5.044747387175835,0.9496662580029968,4.82,0.0207156308851224,0.0040023902620806,-0.0055843122027553,0.074484078174115,0.0202952029520295,-0.0361612255526769,2026-06-17T00:33:57.346012+00:00,ok,,best_deal,2026-05-11T08:03:22.045703+00:00,,True,8,14.64,14.625,1/1,14.6489,14.682,13.943,14.364,15.008,15.37,10.181,17.219,9.741345766576329,-0.0079316656497864,7,3,True,True,True,True,True,True,B,0.5877976190476191,208.0
StatTrak™ M4A1-S | Black Lotus (Field-Tested),True,True,True,0.0872,0.6961520038320294,190,summary,True,True,True,True,True,15.56,50,0.0041477202464822,-0.0041447177067511,462,3.626870601387228,4.349068827968186,0.9562855136308498,9.24,-0.0669200573244438,-0.009418923203023,-0.029046927539332,0.1003005008347245,0.0,-0.0191369689004034,2026-06-16T23:55:50.815272+00:00,ok,,best_deal,2026-05-11T18:50:37.827274+00:00,,True,8,18.45,18.60875,1/1,15.7436,15.663,14.9783,15.361,15.932,16.48,14.233,23.076,9.538479128026625,-0.0338086328150203,7,3,True,True,True,True,True,True,A,0.75,127.0
Desert Eagle | Conspiracy (Factory New),True,True,True,0.1611,1.0388288065164148,400,summary,True,True,True,True,True,21.3,50,-0.0069309352218202,-0.0042979942693409,181,5.234179592293365,6.376908877328412,0.9351114002276792,3.62,-0.0555906008516007,-0.0091177654405079,-0.0227954713855134,0.0843282959004758,0.0080988561409367,-0.0574071844839818,2026-06-17T01:14:01.294070+00:00,ok,,best_deal,2026-04-17T06:52:43.065923+00:00,,True,8,21.02625,20.8825,1/1,25.0278,24.596,23.0,23.834,25.144,26.275,21.225,57.278,13.08544898073342,-0.0112276067035416,7,3,True,True,True,True,True,True,B,0.4945436507936508,254.0
StatTrak™ XM1014 | XOXO (Field-Tested),True,True,True,0.1383,0.39432176656151413,43,summary,True,True,True,True,True,4.35,43,-0.0060752460195631,-0.0043795171125241,72,18.94273127753305,13.989231522271172,0.8602444987775061,1.6744186046511629,0.1082884822389667,0.014548906586815,,0.241064491064491,0.1305361305361305,-0.1374229735467943,2026-06-17T01:06:49.824331+00:00,ok,,best_deal,2026-05-12T18:33:50.714090+00:00,,False,8,4.64875,4.62125,1/1->1/1,5.1075,5.1125,4.398,4.7435,5.711,5.871,3.961,5.898,28.839941262848768,0.0856178827498945,7,3,True,True,True,True,True,True,C,0.15376984126984128,427.0
M4A4 | Desert-Strike (Field-Tested),True,True,True,0.0506,0.20725141029507935,94,summary,True,True,True,True,True,32.02,50,0.0034523561611998,-0.004916290193994,52,5.4852469994473925,7.178731941559671,0.9287443594801263,1.04,-0.0338230083671744,0.0039803626595717,,0.1307757404795487,0.0024259520451341,-0.0621423599058789,2026-06-17T00:00:27.384682+00:00,ok,,best_deal,2026-04-17T23:06:06.347957+00:00,,True,8,34.595,34.72375,1/1,36.7349,37.009,34.3719,35.4875,37.5025,39.406,28.596,40.918,13.703861994996588,-0.0261524092082852,7,3,True,True,True,True,True,True,C,0.021825396825396824,494.0
Dual Berettas | Melondrama (Factory New),True,True,True,0.2354,0.6532687050933115,111,summary,True,True,True,True,True,26.63,50,0.0027288467773057,-0.0049887898980868,118,4.140173608795769,5.448319415080364,0.9445907132599328,2.36,-0.0666692492445959,-0.0083133098403571,,0.0936371560204208,0.0153986635122234,-0.041227561825701,2026-06-17T00:05:03.028372+00:00,ok,,best_deal,2026-04-17T09:00:01.037277+00:00,,True,8,26.71875,26.7925,1/1,25.4941,25.068,23.679,24.2685,25.324,25.78,17.22,50.743,8.241122455783897,-0.039124192390524,7,3,True,True,True,True,True,True,C,0.3311011904761905,340.0
StatTrak™ AWP | Duality (Field-Tested),True,True,True,0.1358,0.8394288234310132,227,summary,True,True,True,True,True,5.83,50,0.0046046014924264,-0.0050127027555207,691,3.041291379108674,4.144177263840386,0.9585006693440428,13.82,-0.0485895972607206,-0.002098524914685,-0.0210249449121027,0.0699228791773779,0.0,-0.0134202070731112,2026-06-16T23:52:04.291937+00:00,ok,,best_deal,2026-05-11T10:10:36.746618+00:00,,True,8,6.1875,6.23,1/1,5.9843,5.976,5.728,5.898,6.08,6.196,5.013,9.902,7.820463546279431,-0.0450863268144996,7,3,True,True,True,True,True,True,A,0.8115079365079365,96.0
Sawed-Off | Wasteland Princess (Field-Tested),True,True,True,0.0744,0.21601706932425088,48,summary,True,True,True,True,True,35.98,50,-0.0023892764635587,-0.0053605632223643,95,6.515795329458965,15.30697030312356,0.8521876285831848,1.9,-0.0047884340899674,-0.0105695266681194,,0.1938121674762896,0.1387462410363173,-0.1462110195368151,2026-06-17T00:43:35.569639+00:00,ok,,best_deal,2026-04-19T07:47:16.012377+00:00,,True,8,37.8825,37.77625,2/2,42.2435,43.746,37.2798,42.02,44.7725,45.697,17.221,48.375,19.92543231503072,-0.0278839667191365,7,3,True,True,True,True,True,True,C,0.24131944444444442,384.0
Galil AR | Rainbow Spoon (Field-Tested),True,True,True,0.0575,0.852768512849954,358,summary,True,True,True,True,True,41.06,50,-0.0106086289253871,-0.0054899047973568,199,3.057402632650292,3.878409553535085,0.9615177465395592,3.98,-0.0127396832013337,0.0022124572463167,0.0005480768903218,0.055244755244755,0.0322469982847341,-0.0354481376055436,2026-06-17T01:38:42.375407+00:00,ok,,best_deal,2026-04-17T17:28:27.092400+00:00,,True,8,42.13625,41.6975,1/1,36.845,37.134,35.705,36.5825,37.709,38.6474,16.935,41.391,7.985886823178177,0.0245491659231622,7,3,True,True,True,True,True,True,B,0.5262896825396826,238.0
P250 | Epicenter (Field-Tested),True,True,True,0.1411,0.39546290619251995,163,summary,True,True,True,True,True,5.33,50,-0.0109275703492726,-0.0057324887247675,288,11.0499127638466,9.200848414354631,0.9079883681149504,5.76,0.0114061967994552,-0.0020323753003769,0.0133124959920412,0.1196768220838243,0.0865174213095438,-0.0863371205739862,2026-06-17T01:40:34.617197+00:00,ok,,best_deal,2026-04-18T13:24:53.532141+00:00,,True,8,5.52,5.46375,1/1,5.8462,5.846,5.3081,5.519,6.165,6.4456,4.318,9.162,19.457083233553423,-0.0233437448627322,7,3,True,True,True,True,True,True,B,0.6374007936507936,183.0
StatTrak™ AWP | Mortis (Minimal Wear),True,True,True,0.094,0.7034997002398082,84,summary,True,True,True,True,True,10.09,50,-0.0109621033476335,-0.0058881312839478,142,8.706552512194296,7.6917829245829985,0.9234230410051788,2.84,0.0835232971642199,0.0071463556392304,0.0283544765389966,0.0927375241942269,0.0873516788689723,-0.0761933081061128,2026-06-17T01:41:17.272279+00:00,ok,,best_deal,2026-05-11T10:13:45.219440+00:00,,True,8,10.415,10.30375,1/1,11.7268,11.779,10.877,11.0842,12.1052,12.675,8.06,15.99,15.33240099600914,0.0245732022762545,7,3,True,True,True,True,True,True,B,0.39012896825396826,306.0
AWP | Printstream (Minimal Wear),True,True,True,0.1049,1.3337068214354124,328,summary,True,True,True,True,True,99.05,50,-0.0122137236281845,-0.0060270021226006,229,5.1384281326244965,4.313648963204073,0.9568811294320508,4.58,0.1085364793812193,0.0147597170642258,0.046878642873479,0.1215369991082191,0.1215369991082191,-0.0404175292814736,2026-06-17T01:50:32.075328+00:00,ok,,best_deal,2026-04-17T04:52:58.796534+00:00,,True,8,98.2875,97.13,1/1,92.7521,92.79,88.789,89.878,94.644,99.464,60.641,109.085,11.509173377206553,0.0831785323808211,7,3,True,True,True,True,True,True,B,0.5766369047619049,214.0
Desert Eagle | Code Red (Field-Tested),True,True,True,0.0581,0.24000278516378057,134,summary,True,True,True,True,True,44.61,50,-0.008028267104935,-0.0065026773756831,105,7.488737279696747,7.900377213212457,0.9210491269606392,2.1,0.0642719960448003,0.0096680723096725,0.0226245822244228,0.1083099572977899,0.1083099572977899,-0.0772048053603741,2026-06-17T01:21:38.910160+00:00,ok,,best_deal,2026-04-17T06:52:25.616307+00:00,,True,8,47.2075,46.8425,1/1,54.0278,54.064,49.7956,52.337,56.383,57.4948,41.552,70.624,14.250441439407115,0.0592365487613315,7,3,True,True,True,True,True,True,C,0.26934523809523814,369.0
StatTrak™ AUG | Stymphalian (Field-Tested),True,True,True,0.1378,0.34119988626670467,45,summary,True,True,True,True,True,3.74,42,-0.0016416045074461,-0.0070993914807302,92,4.961372639135099,11.143938896548702,0.8893524554541504,2.1904761904761907,0.0167059087341632,0.0059668874884833,,0.0897662108513453,0.0564622849580946,-0.1030038833135949,2026-06-17T00:38:48.203257+00:00,ok,,best_deal,2026-05-11T09:13:30.809141+00:00,,False,8,4.735,4.7275,1/1->1/1,4.5693,4.602,4.0928,4.4403,4.667,4.7817,3.474,5.771,15.076707591972498,0.005544466622311,7,3,True,True,True,True,True,True,C,0.24925595238095238,380.0
MP9 | Mount Fuji (Field-Tested),True,True,True,0.0807,0.29011312877031936,172,summary,True,True,True,True,True,5.79,50,-0.0029942427693528,-0.0071858800954119,311,5.714770701898321,5.035788044247035,0.949352681747048,6.22,0.0586384439359268,0.0107119278251492,0.0323504857584364,0.0967306133477438,0.0967306133477438,-0.0361813792604303,2026-06-17T00:48:24.656095+00:00,ok,,best_deal,2026-04-18T07:34:06.580457+00:00,,True,8,6.4575,6.44125,1/1,7.0694,7.029,6.673,6.845,7.249,7.537,5.743,8.846,12.221687837723143,0.0257760532150777,7,3,True,True,True,True,True,True,B,0.6607142857142857,171.0
AK-47 | Neon Rider (Field-Tested),True,True,True,0.0824,0.36668574558062356,353,summary,True,True,True,True,True,46.48,50,-0.0109130522871242,-0.0072691569850912,251,6.272133053788818,5.232650328582249,0.9475357710651828,5.02,0.0531456530470662,0.0035219631069237,0.0031496824215095,0.0633440235763196,0.050463725405218,-0.0476476257477902,2026-06-17T01:40:23.321372+00:00,ok,,best_deal,2026-04-17T00:49:49.706101+00:00,,True,8,46.975,46.46375,1/1,56.759,56.61,53.64,54.786,58.346,59.627,47.374,66.873,10.54810690815554,0.0055958440833974,7,3,True,True,True,True,True,True,B,0.591765873015873,206.0
★ Specialist Gloves | Crimson Web (Field-Tested),True,True,True,0.191,0.5603525541786655,400,summary,True,True,True,True,True,139.51,50,-0.0020421523054208,-0.0073001864844426,67,7.849825941779301,5.3865913006411805,0.943986886986835,1.34,0.0244610815245509,-0.0046142638926491,,0.1928829336622227,0.0672641735820837,-0.0485237481636297,2026-06-17T00:41:20.510107+00:00,ok,,best_deal,2026-05-21T21:57:07.857176+00:00,,True,8,152.01125,151.9175,1/1,180.1696,173.263,163.558,166.9215,181.0645,203.3888,106.844,298.876,22.10739214606682,-0.1115997392147191,7,3,True,True,True,True,True,True,C,0.11631944444444443,449.0
Glock-18 | Bullet Queen (Field-Tested),True,True,True,0.0549,0.23124681667138874,90,summary,True,True,True,True,True,57.35,50,-0.0065092575686673,-0.0073329344953305,88,9.723853984405228,6.644897765675157,0.9332504874019616,1.76,0.0175008968819705,0.0037645183953069,,0.1246608311744056,0.0171998834945505,-0.0641400535841145,2026-06-17T01:09:29.631249+00:00,ok,,best_deal,2026-04-17T18:21:11.996616+00:00,,True,8,62.02125,61.6175,1/1,67.4969,67.193,62.7079,64.847,71.4103,72.1786,59.414,73.321,14.031311067619404,-0.0287432906266051,7,3,True,True,True,True,True,True,C,0.21378968253968256,397.0
AWP | Asiimov (Field-Tested),True,True,True,0.1979,1.345232185174892,400,summary,True,True,True,True,True,125.52,50,-0.0074999566168411,-0.0074969646233706,70,10.913397535184188,5.389353731521537,0.9420715334697732,1.4,-0.0091409857458341,0.0091394142424307,,0.1087662646025263,0.0995409503909836,-0.0537892690978243,2026-06-17T01:17:06.063378+00:00,ok,,best_deal,2026-04-17T03:50:23.858571+00:00,,True,8,129.07999999999998,128.13,1/1,159.9227,148.7835,140.1647,142.559,160.012,177.5744,114.099,346.923,23.392363935826488,0.1105446721138565,7,3,True,True,True,True,True,True,C,0.13640873015873017,433.0
M4A1-S | Decimator (Battle-Scarred),True,True,True,0.0532,0.2975402859533805,70,summary,True,True,True,True,True,14.17,50,-0.0043569679285973,-0.0078125,224,4.37667613904777,5.087468112476659,0.9492643328259766,4.48,-0.0101678043230944,0.0043529320202305,,0.0652251993391279,0.0374254723080237,-0.0404560378836765,2026-06-17T00:56:52.115206+00:00,ok,,best_deal,2026-04-17T21:21:38.389824+00:00,,True,8,14.41125,14.3675,1/1,13.7593,13.797,13.097,13.4588,14.061,14.2321,10.609,17.553,8.249692934960363,0.0068711123969331,7,3,True,True,True,True,True,True,B,0.5699404761904762,216.0
MP9 | Arctic Tri-Tone (Factory New),True,True,True,0.2347,0.798539106750441,400,summary,True,True,True,True,True,14.83,50,-0.0056891918776369,-0.0078714341035238,207,4.4250756773683575,3.802508164208704,0.9605079758401734,4.14,0.0267039279614966,0.0052192064762279,0.0058454781168777,0.0676697414184182,0.0481627098140027,-0.0294950111398184,2026-06-17T01:04:24.557117+00:00,ok,,best_deal,2026-04-18T06:34:20.385648+00:00,,True,8,15.91125,15.825,1/1,13.4122,12.914,12.404,12.634,13.2275,13.4552,9.575,60.275,7.837640357286648,0.0505997299229485,7,3,True,True,True,True,True,True,B,0.5481150793650794,227.0
Glock-18 | Coral Bloom (Factory New),True,True,True,0.2179,0.7839114985896918,174,summary,True,True,True,True,True,4.18,50,0.0038678354067346,-0.0078740157480315,459,8.495329080630048,4.159990325603892,0.9577005840762374,9.18,-0.0716180371352784,-0.017192238385138,-0.0297781569616677,0.0998412698412697,0.0090476190476189,-0.0175771122892895,2026-06-16T23:57:26.661906+00:00,ok,,best_deal,2026-04-17T18:24:12.183872+00:00,,True,8,5.395,5.395,1/1,3.3077,3.253,3.1154,3.15,3.431,3.463,2.798,9.169,10.508812770202857,-0.0381679389312976,7,3,True,True,True,True,True,True,A,0.748015873015873,128.0
StatTrak™ MAC-10 | Disco Tech (Field-Tested),True,True,True,0.1089,0.47617380343825494,60,summary,True,True,True,True,True,8.5,50,-0.0117699560739973,-0.008130081300813,79,8.391410167437234,7.545915724241745,0.9220674338784576,1.58,0.0450146409251079,0.0058579458112513,,0.0864361702127659,0.0823518237082067,-0.0789967191971501,2026-06-17T01:46:44.743457+00:00,ok,,best_deal,2026-05-11T23:29:23.393827+00:00,,True,8,8.751249999999999,8.6525,1/1,10.2307,9.906,9.134,9.6695,10.528,11.436,7.755,13.863,22.50090414145659,0.0632195516057363,7,3,True,True,True,True,True,True,C,0.169890873015873,420.0
Glock-18 | Water Elemental (Minimal Wear),True,True,True,0.0865,1.2688357994345618,377,summary,True,True,True,True,True,20.32,50,-0.006887767244525,-0.0085042521260632,281,4.249796416938105,2.807749728555913,0.9715256570175062,5.62,-0.0245891303434072,0.0004088314527989,0.0002348178705207,0.0722227010255967,0.0299060587779022,-0.0185481047412901,2026-06-17T01:13:44.296936+00:00,ok,,best_deal,2026-04-17T20:09:47.204947+00:00,,True,8,20.50875,20.36875,1/1,23.5776,23.249,22.587,22.904,23.906,25.191,13.585,33.022,11.044381107491851,-0.0405986439556804,7,3,True,True,True,True,True,True,B,0.6334325396825397,185.0
★ Hand Wraps | Desert Shamagh (Field-Tested),True,True,True,0.0628,0.1938568287399921,148,summary,True,True,True,True,True,47.2,50,-0.0073679420909091,-0.0089240192556142,91,8.921906626809289,7.414235470980151,0.9258352434534972,1.82,-0.0481688099371344,-0.0016000738590071,0.0027583415444647,0.090978308986277,0.040123948649845,-0.0725053146343234,2026-06-17T01:15:47.141794+00:00,ok,,best_deal,2026-05-21T04:34:52.190800+00:00,,True,8,47.9925,47.64375,1/1,57.6054,57.588,53.317,54.61,59.7495,61.261,48.125,70.059,13.790373819121127,-0.0423827247369625,7,3,True,True,True,True,True,True,C,0.23015873015873015,389.0
StatTrak™ P2000 | Wicked Sick (Battle-Scarred),True,True,True,0.2095,0.6383561643835617,22,summary,True,True,True,True,True,3.33,26,-0.0078882356655235,-0.0089686299043704,164,8.091213950368882,10.37156270959088,0.8979947229551452,6.307692307692308,-0.0383069916956871,-0.003136324319478,,0.1389972144846797,0.0548746518105849,-0.094328257701792,2026-06-17T01:19:48.737100+00:00,ok,,best_deal,2026-05-12T05:33:53.492833+00:00,,False,8,3.29125,3.26625,1/1->1/1,3.7275,3.79,3.4034,3.5837,3.8853,3.948,2.936,4.571,14.610328638497652,-0.0150891632373114,7,3,True,True,True,True,True,True,B,0.49925595238095244,252.0
★ Moto Gloves | Blood Pressure (Field-Tested),True,True,True,0.1236,0.39155144168863293,221,summary,True,True,True,True,True,130.46,50,-0.0137083874737692,-0.0090037675308762,65,8.43746075599648,8.348467431099616,0.9161821399995148,1.3,0.088949843260188,0.0117879093964819,0.0200440909330401,0.1778392891743017,0.0993329089046972,-0.0899585050644135,2026-06-17T02:04:49.784114+00:00,ok,,best_deal,2026-05-21T08:41:22.782570+00:00,,True,8,132.8175,131.01,1/1,165.6304,164.972,151.1444,158.238,172.213,180.635,143.023,193.094,17.805064770718417,0.0832488770816717,7,3,True,True,True,True,True,True,C,0.09995039682539683,455.0
AWP | Green Energy (Minimal Wear),True,True,True,0.0717,0.34458969162082265,148,summary,True,True,True,True,True,26.8,50,-0.0260732175261677,-0.0090327436958976,389,4.6803856230763365,3.157806759668738,0.9680843249596004,7.78,-0.0544846148250527,-0.0050276304025492,-0.0223409119998799,0.105093091244807,0.0,-0.038781394804733,2026-06-17T03:38:27.939036+00:00,ok,,best_deal,2026-04-17T04:00:04.172715+00:00,,True,8,28.12125,27.40125,1/1,27.5191,27.228,26.359,26.697,27.985,28.886,24.196,35.673,9.182713097448673,-0.0534517914360617,7,3,True,True,True,True,True,True,A,0.7237103174603174,141.0
Desert Eagle | Mulberry (Factory New),True,True,True,0.3371,4.3620024008045934,278,summary,True,True,True,True,True,25.03,50,-0.0093809272983532,-0.0091556959395353,193,4.079332981014073,3.738660633563221,0.9621289209396982,3.86,0.0448925909688733,0.0104621048907358,0.021050303895137,0.0753964924058068,0.0630192162456993,-0.0330348082487395,2026-06-17T01:30:42.653153+00:00,ok,,best_deal,2026-04-17T07:47:39.351117+00:00,,True,8,26.4475,26.20125,1/1,22.8959,22.603,21.747,21.97,22.904,24.1,19.451,33.588,10.276949148100758,0.0581601846918842,7,3,True,True,True,True,True,True,B,0.5243055555555556,239.0
AK-47 | Wintergreen (Minimal Wear),True,True,True,0.1153,1.647273711270464,400,summary,True,True,True,True,True,3.13,50,-0.0119015987119748,-0.0093085106382979,2751,6.0872271988378825,4.0120361083249785,0.9594830597275584,55.02,0.0517241379310344,0.0001397231877948,0.0061986802457167,0.0853825136612021,0.0491803278688525,-0.0170550977054735,2026-06-17T01:47:56.599935+00:00,ok,,best_deal,2026-04-17T01:47:55.424622+00:00,,True,8,3.535,3.495,1/1,2.8913,2.863,2.747,2.789,2.965,3.048,2.669,3.329,10.41054197073981,0.0089593383873189,7,3,True,True,True,True,True,True,A,0.9781746031746031,12.0
★ Moto Gloves | 3rd Commando Company (Field-Tested),True,True,True,0.0886,0.29276470220812695,172,summary,True,True,True,True,True,46.48,50,-0.0079033211307215,-0.0098093406303209,148,11.174195222374337,9.590757475922391,0.9050994037464316,2.96,-0.0274009492712155,-0.0071232186582385,-0.0001650751794294,0.0948153531997369,0.0515868895580244,-0.0918569921714351,2026-06-17T01:20:19.741790+00:00,ok,,best_deal,2026-05-21T08:40:49.946673+00:00,,True,8,55.75875,55.3475,1/1,58.5814,59.203,53.5846,54.805,61.351,62.813,50.82,70.246,15.753123004912824,0.0103684017274841,7,3,True,True,True,True,True,True,B,0.40625,303.0
StatTrak™ USP-S | Cyrex (Factory New),True,True,True,0.1969,0.6437110452641258,74,summary,True,True,True,True,True,15.75,50,-0.0101257773393888,-0.0101587301587301,68,12.722076889188658,9.456567082132873,0.8986143911053522,1.36,-0.0799299384825701,-0.0011868928205465,-0.0096654190316152,0.2775224033059386,0.0456423828759808,-0.0972332081013153,2026-06-17T01:35:03.720702+00:00,ok,,best_deal,2026-05-12T18:10:15.123392+00:00,,True,8,15.945,15.785,1/1,25.6499,23.9245,21.4989,22.104,25.3672,27.8,14.953,135.606,24.565787780849053,-0.1882326335230485,7,3,True,True,True,True,True,True,C,0.12450396825396826,445.0
StatTrak™ M4A4 | Tooth Fairy (Field-Tested),True,True,True,0.1121,0.4438302282935125,116,summary,True,True,True,True,True,7.03,50,-0.0050682167440585,-0.0106940515671739,349,4.371097234611953,4.3965846820440895,0.9558258642765686,6.98,-0.0703009373458313,-0.0075192678598262,-0.03032155710616,0.0863624303528787,0.0,-0.0309940057374848,2026-06-17T01:01:06.336065+00:00,ok,,best_deal,2026-05-11T22:29:50.880144+00:00,,True,8,7.66875,7.6425,1/1,7.847,7.81,7.465,7.698,8.041,8.266,4.211,10.878,10.20772269657194,-0.0276057791537667,7,3,True,True,True,True,True,True,B,0.6934523809523809,156.0
AWP | Crakow! (Minimal Wear),True,True,True,0.0564,0.4594386085118305,224,summary,True,True,True,True,True,88.98,50,-0.0193473568454783,-0.0107961246630193,106,7.193923751580159,2.629957254719383,0.9730460094041709,2.12,-0.0284430683301459,0.001734906061013,0.000372136400131,0.0944197962881959,0.0114353558707742,-0.0357638375123032,2026-06-17T02:48:50.592256+00:00,ok,,best_deal,2026-04-17T03:54:53.424364+00:00,,True,8,87.7625,86.10625,1/1,66.3699,64.7585,63.013,63.3552,68.1298,70.21,57.528,101.101,10.84377104681489,0.0037791472612942,7,3,True,True,True,True,True,True,C,0.2743055555555556,366.0
M4A4 | Full Throttle (Battle-Scarred),True,True,True,0.0952,0.39761367404693454,66,summary,True,True,True,True,True,29.81,50,-0.0154216499998683,-0.0111944952650533,145,5.141985035306639,8.10396654149654,0.91972154926554,2.9,0.0340983402360415,0.0069015089287951,0.0106347475678949,0.0667007949891591,0.0640207178993013,-0.0846400232743037,2026-06-17T02:18:52.434438+00:00,ok,,best_deal,2026-04-17T23:09:54.905479+00:00,,True,8,29.91,29.4575,1/1,32.3027,32.609,29.9912,31.636,33.297,34.324,0.336,43.065,13.41312026548864,-0.0026729134756884,7,3,True,True,True,True,True,True,B,0.39856150793650796,305.0
M4A1-S | Atomic Alloy (Field-Tested),True,True,True,0.1015,0.9054023033052998,164,summary,True,True,True,True,True,32.46,50,-0.0206395922330413,-0.0112697703094001,82,4.108471910184792,4.428872120346698,0.95578581542026,1.64,-0.0096346179490598,-0.0035947843163763,-0.0228155013328762,0.0869492038913386,0.0,-0.0564962348991116,2026-06-17T02:58:34.809662+00:00,ok,,best_deal,2026-04-17T21:16:13.825562+00:00,,True,8,34.4575,33.78625,1/1,31.0237,31.076,29.702,30.4342,31.7088,32.0434,28.69,34.369,7.547133320654844,-0.0546698488464598,7,3,True,True,True,True,True,True,C,0.18377976190476192,414.0
StatTrak™ MP9 | Starlight Protector (Field-Tested),True,True,True,0.086,0.2935944825397245,90,summary,True,True,True,True,True,55.54,50,-0.0125843500418489,-0.0114601172877693,267,3.129118528851851,5.618026600076552,0.9442299354772896,5.34,0.0479517943510674,0.006414964954225,,0.0866704914897686,0.0490469815771021,-0.0527228308849797,2026-06-17T01:55:05.457372+00:00,ok,,best_deal,2026-05-12T03:30:43.274084+00:00,,True,8,66.99125000000001,66.22375,1/1,77.8494,78.422,74.0484,77.126,79.562,80.835,63.473,84.683,8.717600906365359,-0.0186117801620319,7,3,True,True,True,True,True,True,B,0.6135912698412699,197.0
AWP | Black Nile (Field-Tested),True,True,True,0.0707,0.38627456508867386,165,summary,True,True,True,True,True,3.24,50,-0.0099183841449639,-0.0114942528735632,1516,6.238836758823672,5.811174561646245,0.9417402269861288,30.32,-0.0067720090293453,0.0030464249390236,0.0096555437368026,0.0800505050505049,0.0398989898989898,-0.0381136946937082,2026-06-17T01:34:02.624330+00:00,ok,,best_deal,2026-04-17T03:51:20.311525+00:00,,True,8,3.5025,3.46875,1/1,3.9751,3.965,3.734,3.85,4.098,4.271,3.251,4.983,13.509094110839978,0.0198300283286119,7,3,True,True,True,True,True,True,A,0.9404761904761905,31.0
StatTrak™ MP7 | Abyssal Apparition (Minimal Wear),True,True,True,0.206,0.6202665348225723,62,summary,True,True,True,True,True,6.91,50,-0.0081182464923687,-0.0117415514762702,164,12.385401255780891,12.173386298242136,0.8799540493968984,3.28,0.0284911204803886,-0.0129432271943638,-0.0098188484602079,0.1809937888198757,0.0342857142857143,-0.1172232340945266,2026-06-17T01:22:53.678923+00:00,ok,,best_deal,2026-05-12T01:30:48.995832+00:00,,True,8,8.885,8.80875,1/1,8.5843,8.705,7.66,7.9958,9.059,9.231,6.932,9.905,18.3008515545822,-0.049923285731146,7,3,True,True,True,True,True,True,B,0.44022817460317465,284.0
AUG | Stymphalian (Factory New),True,True,True,0.2203,0.6678363898538887,78,summary,True,True,True,True,True,21.42,50,-0.0467064518217928,-0.0120269093127681,66,5.740481901376445,3.66401500117916,0.9605548331166016,1.32,0.0219040106789634,0.0003384118300417,0.0081975680771917,0.0922396389977437,0.0922396389977437,-0.0760368421357664,2026-06-17T05:57:06.205499+00:00,ok,,best_deal,2026-04-17T02:58:18.837998+00:00,,True,8,22.3025,21.33,1/1,17.3853,16.149,15.512,15.844,16.842,17.204,12.5,70.263,9.732360097323602,0.0476486688230901,7,3,True,True,True,True,True,True,C,0.1076388888888889,450.0
StatTrak™ AWP | Ice Coaled (Battle-Scarred),True,True,True,0.1735,0.5326761619764121,51,summary,True,True,True,True,True,11.9,50,-0.0166987210097016,-0.0121709780676066,187,3.2009469971493525,4.662511475093013,0.9534977110272268,3.74,-0.0608919707476033,-0.0118702554895961,,0.1322627501613945,0.0046804389928986,-0.04980826892715,2026-06-17T02:29:11.622024+00:00,ok,,best_deal,2026-05-11T10:12:55.129767+00:00,,True,8,13.08,12.86875,1/1,12.4182,12.451,11.872,12.299,12.6965,12.899,4.745,13.502,8.270119663075159,-0.0058563979141597,7,3,True,True,True,True,True,True,B,0.5163690476190477,243.0
Desert Eagle | Trigger Discipline (Factory New),True,True,True,0.2096,1.0136696187909124,127,summary,True,True,True,True,True,9.52,50,-0.0122851993636805,-0.0124159371045752,164,3.133777721879861,5.764474070347534,0.9424986931521172,3.28,-0.0296429488826098,-0.0042264350487266,,0.0904277848369334,0.053155442609064,-0.0573010646868924,2026-06-17T01:51:29.242076+00:00,ok,,best_deal,2026-04-17T07:57:23.656956+00:00,,True,8,9.785,9.66625,1/1,9.5412,9.565,9.015,9.4393,9.7383,9.898,7.405,12.897,9.254601098394325,-0.0359330338913841,7,3,True,True,True,True,True,True,B,0.44022817460317465,282.0
StatTrak™ Desert Eagle | Conspiracy (Minimal Wear),True,True,True,0.107,0.8070683345168516,94,summary,True,True,True,True,True,22.02,50,-0.0153766709133665,-0.0126337547028606,53,7.547996494861783,7.156854935075286,0.9278422553311112,1.06,0.0608508565397418,0.0150156922048425,,0.1041212260360463,0.1041212260360463,-0.0806678758567362,2026-06-17T02:17:50.864023+00:00,ok,,best_deal,2026-05-11T12:09:03.349929+00:00,,True,8,22.56875,22.23125,1/1,25.106,24.901,23.1042,24.136,26.031,26.778,20.872,30.714,14.633155421014896,0.0827394763009612,7,3,True,True,True,True,True,True,C,0.032242063492063495,491.0
Desert Eagle | Firebreathing (Factory New),True,True,True,0.1422,1.1301666721529127,109,summary,True,True,True,True,True,11.85,50,-0.0331223628691982,-0.0126582278481012,517,3.4858045931920323,3.2078368957284984,0.9671449890942484,10.34,-0.0033557046979865,0.001097413738625,0.0093793164692821,0.0695460350632764,0.0337861372344131,-0.0441084707353454,2026-06-17T04:25:03.489188+00:00,ok,,best_deal,2026-04-17T06:56:03.640375+00:00,,True,8,12.2425,11.85,1/1,8.9219,8.711,8.4248,8.593,8.904,9.301,7.83,21.113,9.820778085385408,-0.0084043288049735,7,3,True,True,True,True,True,True,A,0.7693452380952381,117.0
★ Broken Fang Gloves | Jade (Field-Tested),True,True,True,0.0564,0.1750104810573558,153,summary,True,True,True,True,True,92.99,50,-0.0149828579153833,-0.0129195026008703,92,10.053957877342755,9.715407528736458,0.9022910013621186,1.84,0.0669654887447677,0.0150466407525741,,0.1405064783088205,0.1405064783088205,-0.1030705664018071,2026-06-17T02:14:42.344489+00:00,ok,,best_deal,2026-05-21T00:19:17.703025+00:00,,True,8,93.88625,92.4975,1/1,110.3824,109.7555,99.0314,103.0002,114.098,120.4371,94.717,155.672,19.392312542579248,0.1634759015197153,7,3,True,True,True,True,True,True,C,0.23487103174603174,386.0
UMP-45 | Continuum (Factory New),True,True,True,0.2026,0.562944756090309,112,summary,True,True,True,True,True,4.9,50,-0.0199985606538378,-0.0132382892057026,117,41.317231354131714,6.8955235006895546,0.9228523769808172,2.34,0.0072511535926169,0.0054292347559238,0.0207723841631988,0.6348167539267016,0.1415794066317625,-0.078478866324502,2026-06-17T02:54:17.706880+00:00,ok,,best_deal,2026-04-18T21:26:55.295135+00:00,,True,8,4.98,4.8825,1/1,5.3658,4.796,4.426,4.426,6.643,7.052,3.882,9.052,48.93958030489395,-0.0813627254509019,7,3,True,True,True,True,True,True,C,0.32663690476190477,342.0
AK-47 | Point Disarray (Battle-Scarred),True,True,True,0.0653,0.27927105521182005,39,summary,True,True,True,True,True,14.83,39,-0.0124023651302992,-0.0134545314548242,162,3.322469787082942,4.613414154735792,0.9542735042735042,4.153846153846154,-0.0219794262347453,-0.0043300873233734,-0.0208297105653155,0.0676814529300319,0.0,-0.0442938776697773,2026-06-17T01:53:24.893249+00:00,ok,,best_deal,2026-04-17T00:53:35.561769+00:00,,False,8,14.71,14.53,1/1->1/1,15.7714,15.912,15.1844,15.542,16.066,16.317,11.607,16.617,7.181353589408677,-0.059939814530492,7,3,True,True,True,True,True,True,B,0.46378968253968256,270.0
M4A1-S | Black Lotus (Minimal Wear),True,True,True,0.1113,1.5835647097325887,400,summary,True,True,True,True,True,8.86,50,-0.0104608199337568,-0.0135811735197993,1694,5.211237618241371,3.213934484401774,0.967616712636633,33.88,0.0094102885821831,-0.004889473694009,-0.0037141874196717,0.0756163248394448,0.0103584006629376,-0.0117486352525639,2026-06-17T01:37:44.306427+00:00,ok,,best_deal,2026-04-17T21:17:18.292028+00:00,,True,8,9.75375,9.65625,1/1,9.8633,9.789,9.472,9.584,10.098,10.462,9.179,10.803,10.037208642138028,-0.0148476963110363,7,3,True,True,True,True,True,True,A,0.9444444444444444,29.0
StatTrak™ USP-S | Jawbreaker (Battle-Scarred),True,True,True,0.1841,0.5853295032511627,73,summary,True,True,True,True,True,7.24,50,-0.0101639985598273,-0.0137944039314699,204,3.468584493386971,5.257141203368734,0.9475151690262932,4.08,-0.0098941871650405,0.0035028375683897,-0.0305823805446782,0.1905621096460791,0.051353226925746,-0.0486181363478362,2026-06-17T01:35:40.446623+00:00,ok,,best_deal,2026-05-12T18:11:35.835564+00:00,,True,8,7.7225,7.645,1/1,6.9106,6.922,6.5587,6.816,7.0557,7.326,4.045,10.514,11.103232714959622,0.0117960960539249,7,3,True,True,True,True,True,True,B,0.5431547619047619,230.0
M4A4 | Temukau (Factory New),True,True,True,0.2239,0.7621557870920433,187,summary,True,True,True,True,True,128.91,50,-0.0113241513193309,-0.013935477169473,56,5.669838110658746,4.898396501056994,0.9507597608281894,1.12,0.0377894198271948,0.0013813340013551,,0.0770833188670467,0.0364133793476977,-0.0537813991113258,2026-06-17T01:44:06.400647+00:00,ok,,best_deal,2026-04-18T00:14:39.320316+00:00,,True,8,131.06625,129.60125,1/1,145.5068,144.7495,137.622,140.206,148.456,156.042,117.906,228.02,12.659202181616248,0.0271529035847255,7,3,True,True,True,True,True,True,C,0.05009920634920635,482.0
SG 553 | Phantom (Factory New),True,True,True,0.2478,0.6309711115796985,65,summary,True,True,True,True,True,5.12,50,-0.0312447418445746,-0.0139720558882237,149,9.223037218147248,13.645748437924476,0.8657490311372444,2.98,-0.0792012865183595,-0.0175097816404241,-0.0723841261747693,0.3897540387134332,0.11905108426721,-0.1557045647823456,2026-06-17T04:13:28.660471+00:00,ok,,best_deal,2026-04-18T17:46:32.037345+00:00,,True,8,5.18125,5.0225,1/1,7.362,7.483,6.4784,7.217,7.896,7.9528,3.623,8.456,20.027166530834016,-0.1298125633232015,7,3,True,True,True,True,True,True,B,0.41195436507936506,298.0
AK-47 | Legion of Anubis (Battle-Scarred),True,True,True,0.0666,0.2335716523770189,33,summary,True,True,True,True,True,34.55,34,-0.0177639706175999,-0.0140660430778151,149,4.99315001467855,4.399158430374796,0.9561713951447792,4.382352941176471,0.1141886459711094,0.0079447191842271,0.0307778508681,0.1141939388296633,0.1103300591220148,-0.0471361114675843,2026-06-17T02:35:54.739950+00:00,ok,,best_deal,2026-04-17T00:48:04.672936+00:00,,False,8,34.93125,34.32,1/1->1/1,40.876,41.028,39.2298,40.315,42.356,43.131,29.707,43.925,9.543986691457098,-0.0019282146590776,7,3,True,True,True,True,True,True,B,0.45287698412698413,277.0
Desert Eagle | Printstream (Minimal Wear),True,True,True,0.0833,0.6200476579183879,317,summary,True,True,True,True,True,47.13,50,-0.0160980550288196,-0.0141804414235898,324,4.192086276505751,5.474128740723428,0.9452820459936062,6.48,0.0050202333180948,0.0031901924461277,0.0119030462490763,0.0516362717432506,0.0513919892178747,-0.0533613104787646,2026-06-17T02:24:41.320700+00:00,ok,,best_deal,2026-04-17T07:52:36.758220+00:00,,True,8,49.4425,48.65125,1/1,58.1572,58.182,54.9984,56.94,59.378,60.703,51.333,68.025,9.808931654206196,-0.0002442228659974,7,3,True,True,True,True,True,True,B,0.6731150793650793,165.0
StatTrak™ USP-S | Blood Tiger (Minimal Wear),True,True,True,0.1303,1.0112586799703365,114,summary,True,True,True,True,True,7.22,50,-0.013888631771858,-0.0143029032758889,62,14.534496537027175,9.007059136920624,0.9075371731327978,1.24,-0.0566006600660067,0.0039746749262213,,0.2144481371348609,0.0948049676403708,-0.0969542627743809,2026-06-17T02:06:17.630159+00:00,ok,,best_deal,2026-05-12T18:08:33.009603+00:00,,True,8,7.99125,7.8825,1/1,6.0064,5.851,5.31,5.519,6.392,7.0282,3.823,9.963,28.60615343633458,-0.0526926263463132,7,3,True,True,True,True,True,True,C,0.07738095238095238,466.0
Dual Berettas | Melondrama (Battle-Scarred),True,True,True,0.2049,0.7517093390555653,63,summary,True,True,True,True,True,6.59,46,-0.008372537690824,-0.0144012707722385,702,3.9098098009818623,3.911279654290498,0.9608791531902382,15.26086956521739,0.0273001508295624,-5.5757358809796885e-05,0.0215682241579378,0.1086477756570254,0.0826604022904125,-0.0232624589100712,2026-06-17T01:25:25.410821+00:00,ok,,best_deal,2026-04-17T08:59:57.400617+00:00,,False,8,7.7775,7.7325,1/1->1/1,6.8034,6.802,6.5359,6.665,6.931,7.186,5.709,7.302,9.555516359467326,-0.0253291356611334,7,3,True,True,True,True,True,True,A,0.8194444444444444,92.0
FAMAS | Bad Trip (Battle-Scarred),True,True,True,0.0692,0.2527725414351115,25,summary,True,True,True,True,True,46.66,35,-0.0303947801342227,-0.0149572649572651,256,7.736837825212903,9.284772745754765,0.909146426092991,7.314285714285714,0.0689998742466893,0.0038490078491168,0.0164767591810575,0.133055832051398,0.0890417156818387,-0.1048460086990577,2026-06-17T04:06:51.147171+00:00,ok,,best_deal,2026-04-17T09:57:01.482405+00:00,,False,8,48.26625,46.8425,1/1->1/1,52.8769,54.0375,49.128,51.07,55.161,55.66,44.575,56.912,12.35322040437317,0.0333445541591861,7,3,True,True,True,True,True,True,B,0.6274801587301587,189.0
Glock-18 | Glockingbird (Minimal Wear),True,True,True,0.1124,0.34828732106339466,400,summary,True,True,True,True,True,3.15,50,-0.0255782534645768,-0.0153092812517589,899,5.150406807494211,3.224602522952893,0.9674453654860588,17.98,0.0412517780938834,0.0098615401521327,0.0219345276703852,0.2189207650273224,0.1147540983606556,-0.0322583545322802,2026-06-17T03:34:31.127621+00:00,ok,,best_deal,2026-04-17T18:28:12.290645+00:00,,True,8,3.35625,3.2725,1/1,2.6794,2.654,2.5676,2.6,2.738,2.826,1.733,3.406,9.643950138090617,0.1205510907003444,7,3,True,True,True,True,True,True,A,0.8705357142857143,66.0
AK-47 | The Oligarch (Minimal Wear),True,True,True,0.0895,1.0296271616309751,181,summary,True,True,True,True,True,134.47,50,-0.0136769863741484,-0.015390136709792,59,4.967809438626984,5.781222313163958,0.941389241363578,1.18,-0.0186713650966778,0.0073376462799109,0.0068894921036311,0.1153352902619055,0.049402946792442,-0.0647200796336958,2026-06-17T02:04:11.900141+00:00,ok,,best_deal,2026-04-17T01:44:20.386897+00:00,,True,8,135.16125,133.34375,1/1,142.2156,140.278,132.0562,136.535,143.6,152.1986,121.376,194.419,14.16328447793351,-0.0087993107441985,7,3,True,True,True,True,True,True,C,0.06200396825396826,473.0
SSG 08 | Bloodshot (Field-Tested),True,True,True,0.1847,0.6444758894604828,107,summary,True,True,True,True,True,19.18,50,-0.0158332976833174,-0.0156120226910202,120,6.337898311183081,5.780206435944139,0.941422060164084,2.4,0.0898386393371128,0.0077527159871084,0.0177316065716717,0.1144457783113246,0.1010626472811346,-0.0630057837019136,2026-06-17T02:21:59.474192+00:00,ok,,best_deal,2026-04-18T18:08:10.676211+00:00,,True,8,20.445,20.13375,1/1,22.2345,21.94,20.6548,21.363,22.7722,23.869,19.127,29.133,14.455913108007817,0.0273146667884711,7,3,True,True,True,True,True,True,C,0.3368055555555556,338.0
StatTrak™ MAC-10 | Saibā Oni (Minimal Wear),True,True,True,0.1233,0.3547275375275779,57,summary,True,True,True,True,True,5.69,50,-0.0125309477618946,-0.0156173139309708,66,10.027158485876056,8.791984410722224,0.91215698298329,1.32,-0.0545117142194386,-0.0004265293093721,-0.0208583678775214,0.1880111220150475,0.0282957147530258,-0.0931410321712988,2026-06-17T01:54:42.317972+00:00,ok,,best_deal,2026-05-12T00:16:53.384002+00:00,,True,8,7.35125,7.26375,1/1,6.5173,6.523,5.95,6.234,6.8875,7.128,2.971,9.093,18.074969696039773,-0.0840449438202247,7,3,True,True,True,True,True,True,C,0.1076388888888889,452.0
M4A4 | Evil Daimyo (Field-Tested),True,True,True,0.2554,4.178005002611253,275,summary,True,True,True,True,True,3.45,50,-0.0162331692719185,-0.0158045977011493,915,4.58614885468251,3.9031054082404335,0.9606782993364462,18.3,0.0023148148148146,0.0028970132847946,0.0003788611906418,0.1036951501154734,0.0785219399538105,-0.0295530771741673,2026-06-17T02:24:54.750694+00:00,ok,,best_deal,2026-04-17T23:07:39.828836+00:00,,True,8,3.57125,3.51375,1/1,4.0993,4.069,3.909,3.988,4.176,4.3006,3.444,4.874,9.552850486668463,0.056870881132536,7,3,True,True,True,True,True,True,A,0.8784722222222222,62.0
M4A1-S | Fade (Factory New),True,True,True,0.0907,0.4936501223947667,400,summary,True,True,True,True,True,350.39,50,-0.0150684993734153,-0.0159555784725993,117,6.705243451141363,4.757679081587561,0.9519275453265716,2.34,-0.0247416584541741,-0.0052608842185306,-0.0147448862248316,0.0774476488539481,0.0034876704497883,-0.0521703608530596,2026-06-17T02:15:07.374987+00:00,ok,,best_deal,2026-04-17T21:23:02.809552+00:00,,True,8,412.19125,406.17125,1/1,357.4516,353.766,336.7596,342.643,366.611,390.9234,121.649,516.639,15.152764737939355,0.0034998768669149,7,3,True,True,True,True,True,True,C,0.32663690476190477,341.0
UMP-45 | Wild Child (Minimal Wear),True,True,True,0.2111,0.5267183105541028,132,summary,True,True,True,True,True,6.7,50,-0.0179889193501702,-0.0164917541229385,738,1.6781315877066525,2.14967269499612,0.9781813063063064,14.76,0.0256337629230987,0.0030078381495343,0.0155574766229411,0.0541286937310135,0.0541286937310135,-0.0155345220370606,2026-06-17T02:38:23.249123+00:00,ok,,best_deal,2026-04-18T22:23:54.422871+00:00,,True,8,6.79125,6.671250000000001,1/1,7.2104,7.104,6.949,7.069,7.19,7.3027,4.91,12.015,4.9054144014201695,0.0194256756756756,7,3,True,True,True,True,True,True,A,0.8229166666666665,90.0
Negev | Lionfish (Factory New),True,True,True,0.262,0.7185371869805351,51,summary,True,True,True,True,True,3.06,50,-0.0157563440290517,-0.0166666666666666,113,3.215812384799415,3.968783089532921,0.9599366587490104,2.26,0.0979360582760016,0.0110154285399994,0.0287232432593378,0.1146332473276815,0.1146332473276815,-0.0451798229230221,2026-06-17T02:20:32.598059+00:00,ok,,best_deal,2026-04-18T08:38:41.141212+00:00,,True,8,3.05375,3.00625,1/1,2.5499,2.526,2.4248,2.497,2.579,2.737,1.399,3.89,12.243617396760667,0.0593518156969934,7,3,True,True,True,True,True,True,C,0.3125,348.0
AK-47 | Ice Coaled (Well-Worn),True,True,True,0.0785,0.5138591950789543,49,summary,True,True,True,True,True,5.82,41,-0.0127390526624175,-0.0167719882089728,485,3.495743524723791,4.408621626516941,0.9560093981565154,11.829268292682928,-0.0634806131650136,-0.0076496398115699,-0.0207750202791356,0.074523396880416,0.0,-0.0346612311789068,2026-06-17T01:56:21.122313+00:00,ok,,best_deal,2026-04-17T00:44:37.194589+00:00,,False,8,6.0225,5.95625,1/1->1/1,5.521,5.533,5.2896,5.417,5.61,5.801,3.977,6.045,9.262814707480532,-0.0634806131650136,7,3,True,True,True,True,True,True,A,0.7668650793650793,119.0
AK-47 | The Outsiders (Field-Tested),True,True,True,0.0712,0.3613225769798886,246,summary,True,True,True,True,True,8.83,50,-0.0148721311861879,-0.0169004690537286,940,4.0569330492724776,2.5610806400435253,0.9741477922672156,18.8,-0.0348111841372396,-0.0010766721208203,-0.0109738063099965,0.0567257198915113,0.0,-0.0145496337813925,2026-06-17T02:14:03.554987+00:00,ok,,best_deal,2026-04-17T01:44:39.049248+00:00,,True,8,8.715,8.5875,1/1,8.8244,8.742,8.516,8.606,8.964,9.298,8.017,9.879,8.861792303159422,-0.0095450388660264,7,3,True,True,True,True,True,True,A,0.8844246031746031,59.0
AWP | Redline (Field-Tested),True,True,True,0.1595,2.6646352763918273,400,summary,True,True,True,True,True,39.32,50,-0.0151483435087127,-0.0172018108306907,105,10.343606967631471,3.182110046428936,0.9651191120736328,2.1,0.0044515242106184,0.003025718761565,,0.1148791032130521,0.056961612826139,-0.0371422100963166,2026-06-17T02:15:57.662294+00:00,ok,,best_deal,2026-04-17T04:53:39.818286+00:00,,True,8,39.81375,39.2225,1/1,48.5904,44.328,42.7818,43.467,48.493,53.8134,36.793,163.962,22.70325002469625,0.0071877906022648,7,3,True,True,True,True,True,True,C,0.26934523809523814,368.0
Nova | Rising Sun (Factory New),True,True,True,0.1804,0.5269673257543923,97,summary,True,True,True,True,True,7.3,50,-0.0186309599329345,-0.0172719271172684,129,1.3292416758291272,1.4933455864253131,0.9847084523609478,2.58,-0.050958466453674,-4.407630061962843e-07,0.0127745256919074,0.1348257869045615,0.081131122706615,-0.0224867552643101,2026-06-17T02:43:14.381601+00:00,ok,,best_deal,2026-04-18T10:36:38.029709+00:00,,True,8,7.38,7.245,1/1,6.0937,5.951,5.86,5.924,6.005,6.2572,5.39,10.324,6.518207328880643,-0.0058567603748327,7,3,True,True,True,True,True,True,B,0.3685515873015873,319.0
MAG-7 | Monster Call (Factory New),True,True,True,0.1773,0.5847059273130278,129,summary,True,True,True,True,True,6.36,50,-0.0239896862898951,-0.0174377914671582,111,4.573855133193662,4.489673750374127,0.953855027879254,2.22,0.0208292777885925,-5.9605426132869344e-05,0.0077955176286572,0.0817124332570558,0.0574942791762013,-0.0587293063597197,2026-06-17T03:21:42.546195+00:00,ok,,best_deal,2026-04-18T03:29:14.551986+00:00,,True,8,6.7175,6.5600000000000005,1/1,5.3456,5.201,4.961,5.064,5.3085,5.683,4.347,10.384,13.506435199042194,-0.0098187311178248,7,3,True,True,True,True,True,True,C,0.29985119047619047,353.0
AK-47 | The Oligarch (Battle-Scarred),True,True,True,0.0985,0.41204713736219256,71,summary,True,True,True,True,True,46.01,50,-0.0061878720429461,-0.0176233808521152,138,3.2251626748400293,3.6735810146573655,0.9633372676305696,2.76,0.0340790713825092,0.0022508635830487,0.0085060109343577,0.0482946368607886,0.0482946368607886,-0.0314199252909665,2026-06-17T01:07:46.739625+00:00,ok,,best_deal,2026-04-17T01:44:06.252963+00:00,,True,8,49.46,49.16625,1/1,40.5871,40.668,39.177,40.014,41.323,41.692,29.707,45.766,6.196550135387846,0.01588693957115,7,3,True,True,True,True,True,True,B,0.3824404761904762,311.0
StatTrak™ SSG 08 | Rapid Transit (Minimal Wear),True,True,True,0.0939,0.3000690948573684,39,summary,True,True,True,True,True,9.14,44,-0.0159351687618324,-0.0176326242453801,52,10.790124354592388,8.223947349283689,0.918078507719473,1.181818181818182,0.1522653412349455,0.0096491896280998,0.0412498235984137,0.1482372459560347,0.1482372459560347,-0.0913982711236016,2026-06-17T02:22:50.965481+00:00,ok,,best_deal,2026-05-12T11:50:32.956193+00:00,,False,8,10.52125,10.3475,1/1->1/1,11.0008,11.0435,10.1388,10.377,11.564,12.0475,5.511,14.563,17.350556323176495,0.1133173254525305,7,3,True,True,True,True,True,True,C,0.03149801587301587,493.0
★ Specialist Gloves | Buckshot (Field-Tested),True,True,True,0.0921,0.2924346263889814,168,summary,True,True,True,True,True,53.84,50,-0.0186637721167536,-0.017804536113569,139,7.558170681619305,6.454579546063326,0.9346068025569896,2.78,-0.0529406517602282,-0.0043314434647949,,0.095898152363311,0.015164120999011,-0.0716597315806423,2026-06-17T02:43:50.174659+00:00,ok,,best_deal,2026-05-21T21:55:01.349710+00:00,,True,8,58.6875,57.6525,1/1,67.1988,66.328,61.9906,64.191,69.27,73.847,57.571,91.094,17.643767448228232,-0.0600672824386933,7,3,True,True,True,True,True,True,B,0.3844246031746032,310.0
USP-S | Alpine Camo (Factory New),True,True,True,0.2493,1.4732133697191043,400,summary,True,True,True,True,True,3.69,50,-0.0119186706869572,-0.0180388794621877,639,3.744999574431857,3.483984452577518,0.9649142857142856,12.78,-0.0377677564825252,-0.0066070444211662,-0.0041123884482101,0.0720562390158172,0.0328060925600468,-0.0239735308613002,2026-06-17T01:48:13.742314+00:00,ok,,best_deal,2026-04-18T22:24:19.793953+00:00,,True,8,4.98,4.9225,1/1,3.5247,3.5,3.3772,3.41,3.542,3.598,3.065,4.989,6.264362924504203,0.0011730205278592,7,3,True,True,True,True,True,True,A,0.7976190476190477,103.0
AK-47 | The Empress (Minimal Wear),True,True,True,0.3428,4.103824941089876,142,summary,True,True,True,True,True,105.0,50,-0.0137612795089804,-0.0185792054146329,90,7.706165953707256,6.913206385456731,0.9307566753324392,1.8,-0.0049961115169797,-0.0035304355327312,,0.1377000386853304,0.0848077181181559,-0.0739501827367033,2026-06-17T02:05:31.939057+00:00,ok,,best_deal,2026-04-17T01:43:56.922666+00:00,,True,8,103.6375,102.22875,1/1,127.3331,127.1285,118.3257,121.6425,131.455,136.5991,112.078,163.714,14.35086399372983,0.0191703445029589,7,3,True,True,True,True,True,True,C,0.22321428571428573,390.0
Sawed-Off | Kiss♥Love (Minimal Wear),True,True,True,0.1778,0.44728038656919844,153,summary,True,True,True,True,True,6.91,50,-0.0220167575497508,-0.0186445805914833,346,3.485037663103885,3.759450077521508,0.9624554672513016,6.92,0.036781925885108,0.0069068045548326,0.0244312672015132,0.079590752059527,0.079590752059527,-0.041636754693176,2026-06-17T03:08:11.113610+00:00,ok,,best_deal,2026-04-19T06:56:24.037981+00:00,,True,8,7.1425,6.99125,1/2,7.2883,7.298,7.024,7.194,7.448,7.526,5.808,7.771,6.887751601882466,0.0133297428302141,7,3,True,True,True,True,True,True,B,0.6879960317460316,157.0
R8 Revolver | Skull Crusher (Field-Tested),True,True,True,0.0738,0.3365873305076619,131,summary,True,True,True,True,True,10.17,50,-0.0242076548221517,-0.0186616456134447,126,4.368024995150037,8.699292416708362,0.9138784999494592,2.52,0.1310846293678045,0.0134305852531799,0.0536771336750341,0.145892857142857,0.145892857142857,-0.1002697257196727,2026-06-17T03:24:52.186336+00:00,ok,,best_deal,2026-04-19T04:53:27.317770+00:00,,True,8,10.22375,9.9825,1/2,9.7939,9.893,9.041,9.5542,9.982,10.13,6.46,15.714,11.119166011496956,0.1310275183034586,7,3,True,True,True,True,True,True,B,0.35664682539682535,327.0
StatTrak™ USP-S | Guardian (Factory New),True,True,True,0.1235,0.6327780658542909,231,summary,True,True,True,True,True,11.91,50,-0.0185573654245948,-0.0186891776588874,52,5.259303895469911,10.40571772907911,0.8943422530302443,1.04,-0.0729592202393749,-0.0141871516894521,-0.0542742146543365,0.2294549671434093,0.0327792810204871,-0.1164219393668679,2026-06-17T02:41:40.211365+00:00,ok,,best_deal,2026-05-12T18:11:21.067484+00:00,,True,8,11.96,11.7425,1/1,13.1101,12.9115,11.5473,12.596,13.2855,14.4789,10.461,17.919,22.36138549667813,0.0271579448900183,7,3,True,True,True,True,True,True,C,0.021825396825396824,496.0
Sawed-Off | Kiss♥Love (Factory New),True,True,True,0.2138,0.5627544713479309,114,summary,True,True,True,True,True,29.52,50,-0.0236619284102302,-0.0187091609386473,68,1.2150494114472654,6.713970117035978,0.9308225277470082,1.36,0.0323441943256563,0.0024827010845002,0.0101356263228724,0.0919738419160164,0.0487204827890741,-0.0833433895211878,2026-06-17T03:18:41.363354+00:00,ok,,best_deal,2026-04-19T06:56:20.029833+00:00,,True,8,30.39375,29.69125,1/2,23.7192,23.0205,21.428,22.8008,23.089,23.561,18.189,51.552,8.992714762723866,0.0331291275634342,7,3,True,True,True,True,True,True,C,0.12450396825396826,444.0
★ Nomad Knife | Rust Coat (Battle-Scarred),True,True,True,0.1557,0.5570353300312747,77,summary,True,True,True,True,True,102.83,50,-0.0160013308111195,-0.018737435389178,55,3.4753948985199927,4.5063270986803925,0.9549003322259136,1.1,-0.001104184008018,-0.00365943442911,,0.0980919016359987,0.0336042991734974,-0.054620215903245,2026-06-17T02:23:31.169137+00:00,ok,,best_deal,2026-05-21T10:39:30.473960+00:00,,True,8,121.79,120.085,1/1,118.0873,117.992,112.6706,116.4505,120.5545,123.7062,106.363,126.77,9.34528945957779,-0.0080634278002699,7,3,True,True,True,True,True,True,C,0.0441468253968254,485.0
AWP | Chrome Cannon (Minimal Wear),True,True,True,0.0801,0.8074969514829714,140,summary,True,True,True,True,True,43.08,50,-0.0223308881296246,-0.0189488658723935,351,5.680435129304919,4.631222877863301,0.953374881166156,7.02,-0.0130306940536882,0.0031416897106723,0.0068044986130024,0.0718220202756283,0.0211972480013715,-0.0505596295425743,2026-06-17T03:09:55.228995+00:00,ok,,best_deal,2026-04-17T03:53:39.728604+00:00,,True,8,42.38,41.45375,1/1,47.6548,47.335,45.128,46.158,48.865,50.541,41.848,62.927,11.358771834106946,0.0047376014815772,7,3,True,True,True,True,True,True,B,0.6964285714285714,153.0
Dual Berettas | Sweet Little Angels (Field-Tested),True,True,True,0.156,0.5024048764226867,287,summary,True,True,True,True,True,3.93,50,-0.0160878377631124,-0.0192151307678182,536,5.268776473019044,3.68469988635973,0.9625087596355992,10.72,0.0358974358974359,0.0020784150303278,0.012587543658014,0.1075907590759074,0.1075907590759074,-0.0315562843930682,2026-06-17T02:24:16.050103+00:00,ok,,best_deal,2026-04-17T09:48:49.245508+00:00,,True,8,3.95125,3.88875,1/1,2.9039,2.854,2.747,2.788,2.941,3.139,2.471,4.555,13.49908743414029,0.0607386661998949,7,3,True,True,True,True,True,True,A,0.7713293650793651,116.0
StatTrak™ Glock-18 | Block-18 (Factory New),True,True,True,0.2129,0.7372427403439527,107,summary,True,True,True,True,True,5.67,50,-0.0190195252142154,-0.0194690265486725,157,6.565394590589103,8.088921822897367,0.91770205066345,3.14,0.0155360713736347,-0.0028782245033033,-0.0046039529156858,0.1325355952741593,0.0461981217812784,-0.0875687366207711,2026-06-17T02:47:22.271750+00:00,ok,,best_deal,2026-05-11T18:05:01.426859+00:00,,True,8,5.76,5.6525,1/1,6.7475,6.632,6.0862,6.458,6.901,7.2294,0.676,15.205,16.94257132271212,-0.0794757389849413,7,3,True,True,True,True,True,True,B,0.4265873015873016,290.0
AWP | Atheris (Field-Tested),True,True,True,0.11,0.9887169943003374,400,summary,True,True,True,True,True,4.95,50,-0.0165917367193118,-0.0196516284605513,2541,4.357373224456178,3.225142386605361,0.9675021607605878,50.82,-0.0461796809403862,-0.0012534714563991,-0.0131967508414011,0.0605633802816902,0.0,-0.0145532124123692,2026-06-17T02:27:21.447937+00:00,ok,,best_deal,2026-04-17T03:50:39.015210+00:00,,True,8,5.11875,5.035,1/1,5.8292,5.785,5.597,5.687,5.941,6.079,5.395,6.426,8.268716118849916,-0.0326975476839237,7,3,True,True,True,True,True,True,A,0.9742063492063492,14.0
StatTrak™ Glock-18 | Shinobu (Well-Worn),True,True,True,0.0831,0.640898497545495,60,summary,True,True,True,True,True,8.05,50,-0.0149828989609614,-0.0199005282983841,224,5.751945769520458,5.165704243032891,0.9481672754755006,4.48,-0.0051437615404905,-0.0047541542528405,,0.0878960625745723,0.0,-0.0518643302216029,2026-06-17T02:14:52.937076+00:00,ok,,best_deal,2026-05-11T18:15:16.074634+00:00,,True,8,8.30375,8.185,1/1,7.966,7.939,7.5275,7.724,8.1822,8.3941,4.961,10.561,10.878734622144112,-0.0807945405800633,7,3,True,True,True,True,True,True,B,0.5699404761904762,217.0
AK-47 | Cartel (Minimal Wear),True,True,True,0.131,1.9152789089711824,244,summary,True,True,True,True,True,22.77,50,-0.0132284473449111,-0.0200347207937762,181,6.001864507330903,4.9001101754331975,0.9505635445005828,3.62,0.0698664602283722,0.0036631922255635,0.0144481957680484,0.0986975397973951,0.0986975397973951,-0.0489367095881205,2026-06-17T02:00:46.840681+00:00,ok,,best_deal,2026-04-17T00:37:10.993314+00:00,,True,8,23.1375,22.83375,1/1,25.9586,25.73,24.458,24.971,26.529,27.778,20.399,40.97,12.789595740910528,0.1095054592164419,7,3,True,True,True,True,True,True,B,0.4945436507936508,253.0
AWP | Mortis (Battle-Scarred),True,True,True,0.093,0.5052055053235441,85,summary,True,True,True,True,True,4.01,50,-0.0227199663053614,-0.0202531645569619,375,6.669410283722284,5.296794809722085,0.9461216449150456,7.5,0.0407272727272727,0.0070510595283501,0.0098126995263012,0.0726764500349404,0.0587002096436058,-0.0570995358882964,2026-06-17T03:11:48.248102+00:00,ok,,best_deal,2026-04-17T04:48:50.256302+00:00,,True,8,4.0725,3.9825,1/1,4.1308,4.061,3.8422,4.001,4.2765,4.426,3.562,5.815,14.132855621187185,0.0194728093089526,7,3,True,True,True,True,True,True,A,0.7162698412698413,143.0
P90 | Trigon (Field-Tested),True,True,True,0.0516,0.15695901960981584,79,summary,True,True,True,True,True,9.43,50,-0.0199718460641647,-0.0204312873526273,113,7.13577988643726,9.818604473914863,0.901931677609668,2.26,-0.0786526684164479,-0.0149025497347796,,0.3568512012154592,0.0318108441743425,-0.1078935388019545,2026-06-17T02:53:45.146104+00:00,ok,,best_deal,2026-04-18T16:37:08.371912+00:00,,True,8,9.45,9.265,1/1,10.4964,10.509,9.4784,10.109,10.858,11.5344,7.943,13.071,19.587668152890508,0.0196553059643689,7,3,True,True,True,True,True,True,C,0.3125,349.0
StatTrak™ AK-47 | Head Shot (Minimal Wear),True,True,True,0.0706,0.3029692649205613,64,summary,True,True,True,True,True,45.13,50,-0.0260836202277008,-0.0204431649388235,81,8.238540583121205,7.968503081463446,0.9189751255097564,1.62,0.0368889847235813,-0.0041380134834361,-0.0048732936207314,0.1661814342616734,0.0546686289251835,-0.0974026252159403,2026-06-17T03:38:38.693319+00:00,ok,,best_deal,2026-05-11T08:00:27.629340+00:00,,True,8,47.02875,45.8425,1/1,62.5839,61.549,56.562,59.414,64.57,68.885,47.362,114.625,19.690367650466023,0.0578301224289496,7,3,True,True,True,True,True,True,C,0.18030753968253965,415.0
AK-47 | Emerald Pinstripe (Battle-Scarred),True,True,True,1.1053,14.812212757237786,180,summary,True,True,True,True,True,3.15,50,-0.0088720425403899,-0.0205142946741232,464,3.306240528998472,5.33820085411213,0.9470628415300548,9.28,0.0891404315528829,0.0094497150605405,0.0414739663875469,0.1182202013640793,0.1182202013640793,-0.042014188788326,2026-06-17T01:27:30.368414+00:00,ok,,best_deal,2026-04-17T00:39:12.096859+00:00,,True,8,3.6275,3.60375,1/1,2.9036,2.928,2.773,2.861,2.957,2.984,2.6,3.64,7.266841162694582,0.0558984910836763,7,3,True,True,True,True,True,True,A,0.753968253968254,125.0
StatTrak™ USP-S | Cortex (Battle-Scarred),True,True,True,0.1268,0.4717170232384108,40,summary,True,True,True,True,True,7.16,45,-0.0210665948394592,-0.0205719029312443,145,2.704081632653058,4.275510204081626,0.9574295148590298,3.2222222222222223,0.0837468150730857,0.0109583477740802,,0.0827197921177999,0.0827197921177999,-0.0513108751367257,2026-06-17T03:02:13.668027+00:00,ok,,best_deal,2026-05-12T18:09:38.543658+00:00,,False,8,7.17,7.0225,1/1->1/1,7.84,7.874,7.5388,7.75,7.962,8.1168,5.729,8.614,7.372448979591829,0.0467586296224338,7,3,True,True,True,True,True,True,B,0.40625000000000006,300.0
StatTrak™ UMP-45 | Wild Child (Field-Tested),True,True,True,0.2361,0.622753901442426,68,summary,True,True,True,True,True,3.51,50,-0.0257026308379348,-0.0210265577528919,214,7.721109793251002,7.360636293867309,0.926744589746557,4.28,0.018100611189469,0.0030650730114592,0.0129132026692957,0.1032094204571692,0.0674209189563612,-0.0848563153259316,2026-06-17T03:35:55.997643+00:00,ok,,best_deal,2026-05-12T18:06:45.784898+00:00,,True,8,4.28875,4.18875,1/1,4.2999,4.3205,4.004,4.154,4.486,4.605,2.283,6.604,13.977069234168257,-0.0127649874629585,7,3,True,True,True,True,True,True,B,0.5580357142857143,223.0
M4A4 | Spider Lily (Field-Tested),True,True,True,0.0715,0.3439889572971671,163,summary,True,True,True,True,True,8.6,50,-0.0165406258848503,-0.0216902043523757,498,7.0839008071076695,5.392905130572286,0.945516668205744,9.96,0.0206653692892224,0.0043022438512291,0.0196954789966661,0.0960595605592881,0.074359905574723,-0.0496734661076061,2026-06-17T02:26:53.854392+00:00,ok,,best_deal,2026-04-17T23:23:26.645033+00:00,,True,8,8.885,8.74,1/1,10.9403,10.829,10.239,10.557,11.332,11.6655,6.25,15.163,13.038947743663329,0.0023662176920276,7,3,True,True,True,True,True,True,A,0.7633928571428571,121.0
Glock-18 | Vogue (Factory New),True,True,True,0.2244,1.1693937301320063,267,summary,True,True,True,True,True,15.62,50,-0.0148438076992892,-0.0217185070936309,178,3.090949905890067,3.649277914961466,0.9632079851439184,3.56,-0.0166708553237832,-0.0011298493260046,0.0019348970873036,0.0452376895552904,0.0282842051456805,-0.0381572899956151,2026-06-17T02:13:46.175176+00:00,ok,,best_deal,2026-04-17T19:27:17.699235+00:00,,True,8,16.0375,15.805,1/1,17.3733,17.232,16.598,16.96,17.497,17.8889,14.879,25.794,7.430367287734631,0.0228302544440572,7,3,True,True,True,True,True,True,B,0.48065476190476186,261.0
UMP-45 | K.O. Factory (Battle-Scarred),True,True,True,0.1269,0.49377839225755477,69,summary,True,True,True,True,True,4.41,50,-0.0178488986329156,-0.0218450716162387,570,5.854450664501518,6.367249262852015,0.9366900361164224,11.4,0.0260405074560428,0.0048964634096725,0.0103693726268248,0.0741865509761387,0.0329718004338395,-0.059652957558191,2026-06-17T02:36:09.434338+00:00,ok,,best_deal,2026-04-18T21:32:09.070148+00:00,,True,8,4.41125,4.33375,1/1,4.6802,4.707,4.409,4.522,4.796,4.9257,3.732,5.063,11.04012649032093,-0.0206076056936476,7,3,True,True,True,True,True,True,A,0.78125,111.0
SG 553 | Cyrex (Field-Tested),True,True,True,0.0985,0.3207865915001043,69,summary,True,True,True,True,True,4.88,50,-0.0227549887168796,-0.0219446895117966,122,10.084591142809757,4.893017084093553,0.949701619778346,2.44,0.0722464558342421,0.0103749124437959,0.029550497366158,0.1411984066446309,0.1373845241122128,-0.0609539907063845,2026-06-17T03:12:25.933748+00:00,ok,,best_deal,2026-04-18T17:33:03.768184+00:00,,True,8,5.10375,4.99,1/1,5.4261,5.2785,5.013,5.1335,5.6807,5.9218,4.096,6.485,16.748677687473513,0.0066547222933195,7,3,True,True,True,True,True,True,C,0.3422619047619047,335.0
AUG | Spalted Wood (Factory New),True,True,True,0.1501,0.6067415730337078,48,summary,True,True,True,True,True,13.78,24,-0.0046886803721517,-0.0219763400975925,111,3.85627943194038,2.855129964032777,0.9714285714285714,4.625,-0.0317109144542774,-0.0070731262212773,,0.5853008377760854,0.0,-0.0182375294768114,2026-06-17T00:58:56.833898+00:00,ok,,best_deal,2026-04-17T02:56:22.563892+00:00,,False,8,15.61625,15.675,1/1->1/1,2.6969,2.695,2.618,2.643,2.747,2.747,2.488,3.432,4.783269680002967,-0.0256029684601113,7,3,True,True,True,True,True,True,B,0.37152777777777773,318.0
★ Shadow Daggers | Rust Coat (Battle-Scarred),True,True,True,0.2046,0.5971769815418022,25,summary,True,True,True,True,True,43.52,33,-0.0367032454075953,-0.0220058381666322,95,5.946866718738333,5.292337997582097,0.9468124378815844,2.878787878787879,-0.0548088742015436,-0.011764636017863,-0.0299077905309002,0.0780480525294732,0.0,-0.0778527047880166,2026-06-17T04:48:52.779228+00:00,ok,,best_deal,2026-05-21T16:24:51.441880+00:00,,False,8,45.05,43.4525,1/1->1/1,49.5471,49.301,46.6788,47.844,50.7905,51.345,45.053,76.445,9.417705577117523,-0.0525943729676234,7,3,True,True,True,True,True,True,C,0.2802579365079365,362.0
StatTrak™ AK-47 | Ice Coaled (Minimal Wear),True,True,True,0.0932,0.9365172616373502,134,summary,True,True,True,True,True,19.74,50,-0.0210764811228528,-0.0220957432244237,186,9.135353329771622,7.0386105952290094,0.9292231602285324,3.72,-0.0018855218855218,-0.0010116069924931,0.0079244044482509,0.1295821526559618,0.0201502271398371,-0.0779837471024611,2026-06-17T03:02:24.435940+00:00,ok,,best_deal,2026-05-11T08:00:44.401694+00:00,,True,8,20.5525,20.12875,1/1,23.5842,23.454,21.794,22.5,24.6545,25.361,11.504,31.403,15.12453252601318,-0.0986378010216492,7,3,True,True,True,True,True,True,B,0.5124007936507937,244.0
AK-47 | Elite Build (Minimal Wear),True,True,True,0.0832,1.6034021105685934,400,summary,True,True,True,True,True,3.29,50,-0.0179721860171708,-0.0223855455867229,1726,7.0704690077775165,3.770916804148012,0.9618946811325748,34.52,-0.0207391651156607,-0.0036953270112875,-0.0122505774836674,0.0521314146076568,0.0,-0.0246718949165196,2026-06-17T02:38:02.882071+00:00,ok,,best_deal,2026-04-17T00:39:04.740626+00:00,,True,8,3.33125,3.2725,1/1,3.8187,3.779,3.635,3.691,3.961,4.017,3.437,4.801,10.003404299892647,-0.0277191129883843,7,3,True,True,True,True,True,True,A,0.9464285714285714,28.0
StatTrak™ M4A4 | Temukau (Field-Tested),True,True,True,0.0883,0.3416497592419577,72,summary,True,True,True,True,True,35.75,50,-0.0138957026802876,-0.0224295736531598,152,3.88124634937259,4.739941052857732,0.9513405472465366,3.04,0.0300746482917024,-0.0008609450326762,-0.0003386138284728,0.0720042738020579,0.0324483775811209,-0.0491674859066528,2026-06-17T02:06:29.091185+00:00,ok,,best_deal,2026-05-11T22:28:08.816590+00:00,,True,8,36.19,35.695,1/1,44.6841,43.527,41.409,42.8342,44.5685,47.3743,37.305,75.205,13.349938792545894,0.0023047911719513,7,3,True,True,True,True,True,True,B,0.4176587301587301,295.0
★ Broken Fang Gloves | Needle Point (Field-Tested),True,True,True,0.0621,0.19967911488541762,95,summary,True,True,True,True,True,52.88,50,-0.0226658011393784,-0.0227775480776086,110,7.605948478575756,6.147709214160486,0.9381991010242428,2.2,0.0135546823259304,0.0051766882306995,0.0169158318460118,0.0793837486205496,0.0645074635534645,-0.0740398937145851,2026-06-17T03:11:05.876229+00:00,ok,,best_deal,2026-05-21T00:19:49.786596+00:00,,True,8,56.8075,55.4925,1/1,68.2124,67.855,63.6615,65.0513,70.2395,72.3184,58.617,84.384,12.691094287842091,-0.0121778045526916,7,3,True,True,True,True,True,True,C,0.29414682539682535,357.0
M4A1-S | Nightmare (Field-Tested),True,True,True,0.0998,0.43937273625288104,370,summary,True,True,True,True,True,9.83,50,-0.0206197034255445,-0.0234112776907585,655,5.643313244660451,4.093848625461787,0.9581875728802264,13.1,0.0077333971139281,0.0047537578646182,0.0183436078922205,0.1082278481012658,0.1055379746835444,-0.0385738074270547,2026-06-17T02:58:23.957385+00:00,ok,,best_deal,2026-04-17T22:12:47.118429+00:00,,True,8,10.13125,9.92625,1/1,12.2623,12.006,11.504,11.848,12.54,13.137,11.116,17.437,13.317240648165525,0.0257242554572749,7,3,True,True,True,True,True,True,A,0.8035714285714286,100.0
StatTrak™ M4A4 | Griffin (Field-Tested),True,True,True,0.0657,0.18195633048068466,42,summary,True,True,True,True,True,10.1,40,-0.0469300913786843,-0.0234145410597289,117,5.517500049351532,6.070237084706953,0.9392652577523208,2.925,-0.0031111759272762,-0.0089194286560646,-0.0150688465284787,0.079582581557517,0.0483249622080265,-0.0957556690041284,2026-06-17T05:58:54.732658+00:00,ok,,best_deal,2026-05-11T22:23:25.931523+00:00,,False,8,11.4325,10.93125,1/1->1/1,10.1314,10.126,9.511,9.808,10.367,10.574,8.611,17.186,10.492133367550394,0.0040638464551507,7,3,True,True,True,True,True,True,C,0.345734126984127,334.0
★ Hand Wraps | Giraffe (Field-Tested),True,True,True,0.0632,0.17122081852001628,95,summary,True,True,True,True,True,47.9,50,-0.0232944837904278,-0.0234427009156339,102,10.399040703484111,9.000233162347612,0.9090433231224964,2.04,-0.0284312080536912,-0.0034895091557857,,0.1143501049123139,0.0153612351158353,-0.1036393437417288,2026-06-17T03:15:45.095720+00:00,ok,,best_deal,2026-05-21T04:35:58.053455+00:00,,True,8,50.32375,49.2,1/1,60.044,59.414,54.0099,56.2165,62.4605,66.0526,49.511,83.515,20.05645859702884,-0.0253896388056686,7,3,True,True,True,True,True,True,C,0.2566964285714286,379.0
AWP | Exoskeleton (Field-Tested),True,True,True,0.0899,0.8874980762324937,120,summary,True,True,True,True,True,5.62,50,-0.0214557778892623,-0.0235607855123404,450,6.7688871708972265,5.690847399390113,0.942412169503803,9.0,-0.0240772779700114,7.970143908853089e-05,-0.0035892426554923,0.0793322499630669,0.015364160141823,-0.0583642518831634,2026-06-17T03:04:21.097090+00:00,ok,,best_deal,2026-04-17T03:58:00.944784+00:00,,True,8,5.82625,5.70375,1/1,6.9849,6.9025,6.505,6.645,7.1178,7.3783,5.346,17.6,12.502684361980853,-0.0601221882810329,7,3,True,True,True,True,True,True,A,0.7440476190476191,130.0
AK-47 | Frontside Misty (Minimal Wear),True,True,True,0.1341,1.938309658242922,285,summary,True,True,True,True,True,32.33,50,-0.0238515191220873,-0.0239380097239649,180,10.34292178242882,7.507709154394855,0.9240932710133954,3.6,-0.0024319846063391,-0.0169952037398495,-0.013005239771478,0.1158276850537145,0.0336753556406889,-0.0856734540324043,2026-06-17T03:20:00.414847+00:00,ok,,best_deal,2026-04-17T00:41:19.676705+00:00,,True,8,33.0825,32.3075,1/1,38.7202,38.297,35.39,36.54,40.5448,42.1578,31.351,52.283,17.478732031342815,-0.0369462576433861,7,3,True,True,True,True,True,True,B,0.4885912698412699,257.0
AK-47 | Searing Rage (Minimal Wear),True,True,True,0.1491,0.787367083894565,355,summary,True,True,True,True,True,8.68,50,-0.0189580885639199,-0.0242316784869975,1247,6.7266759821921855,4.581938712507699,0.953846153846154,24.94,0.0689579684763572,0.0087653703551158,0.0274534435175584,0.0824288347327462,0.0824288347327462,-0.0364980762540356,2026-06-17T02:46:52.242205+00:00,ok,,best_deal,2026-04-17T01:42:44.477653+00:00,,True,8,10.52125,10.33375,1/1,9.2319,9.165,8.742,8.905,9.526,9.788,8.393,10.699,11.33027870752499,0.0568120333297261,7,3,True,True,True,True,True,True,A,0.9186507936507936,42.0
M4A1-S | Stratosphere (Field-Tested),True,True,True,0.1516,0.42262274704785574,319,summary,True,True,True,True,True,7.31,50,-0.0255719392427008,-0.0242484413735444,976,1.3131584445041349,1.53699227027188,0.9845461365341336,19.52,-0.0261627906976743,-0.0005007115091277,-0.0065035853723446,0.0476119402985074,0.0149253731343284,-0.014698314816624,2026-06-17T03:34:14.766750+00:00,ok,,best_deal,2026-04-17T22:16:36.241039+00:00,,True,8,7.73125,7.53875,1/1,6.7014,6.665,6.562,6.63,6.718,6.842,6.286,9.041,4.178231414331324,0.0026938042502244,7,3,True,True,True,True,True,True,A,0.8963293650793651,53.0
StatTrak™ AK-47 | Slate (Battle-Scarred),True,True,True,0.1281,0.8478254130630211,286,summary,True,True,True,True,True,12.8,50,-0.0293668949678664,-0.0243848219457977,214,4.564365029481317,4.3975038161084665,0.955588301972342,4.28,-0.0579572792884741,-0.0090781769146669,-0.0292831221643341,0.0979724500851261,0.0058040550998298,-0.0588892546782748,2026-06-17T03:59:08.476102+00:00,ok,,best_deal,2026-05-11T09:05:05.606578+00:00,,True,8,14.41,14.00125,1/1,13.3644,13.233,12.6453,13.04,13.65,14.2346,10.417,15.701,11.892041543204332,-0.0171889260724064,7,3,True,True,True,True,True,True,B,0.5580357142857143,222.0
StatTrak™ M4A1-S | Decimator (Field-Tested),True,True,True,0.2785,2.6597012553631023,91,summary,True,True,True,True,True,29.73,50,-0.0240385339414195,-0.0246184464312639,73,11.588065920761098,6.010060813530791,0.938610753633196,1.46,-0.0193113251773106,0.0118299474815874,0.0040607881092511,0.1641017733230531,0.0660292983808789,-0.0763204399346598,2026-06-17T03:22:21.593478+00:00,ok,,best_deal,2026-05-11T21:17:37.062653+00:00,,True,8,31.28875,30.56375,1/1,32.5421,31.859,29.9032,30.364,34.135,36.12,28.57,45.766,19.10386852723088,0.0320845402170797,7,3,True,True,True,True,True,True,C,0.15029761904761907,430.0
StatTrak™ AK-47 | Nightwish (Battle-Scarred),True,True,True,0.0924,0.3489569965438315,26,summary,True,True,True,True,True,56.77,31,-0.0264013188505735,-0.0246931536805521,102,3.690325785307818,6.789173604587119,0.9326522414439504,3.290322580645161,0.0111022316740527,0.0078700215642408,0.0176385062636177,0.1402359365610222,0.1197841820604605,-0.0816432559537884,2026-06-17T03:40:34.554402+00:00,ok,,best_deal,2026-05-11T08:02:43.295856+00:00,,False,8,57.65625,56.17375,1/1->1/1,74.0856,74.684,69.6542,73.574,76.308,77.41,60.478,77.513,10.46870107011348,0.0084713384187713,7,3,True,True,True,True,True,True,C,0.302827380952381,352.0
★ Hand Wraps | Duct Tape (Field-Tested),True,True,True,0.0669,0.21244227601292665,194,summary,True,True,True,True,True,50.84,50,-0.0241530807656785,-0.0255390807884094,173,7.3080327158827645,6.052312771873882,0.9390518331226296,3.46,0.0804491351325922,0.0134689065120317,0.0345371435537151,0.1165217643729045,0.1165217643729045,-0.0716895113101744,2026-06-17T03:24:04.917351+00:00,ok,,best_deal,2026-05-21T04:35:25.285917+00:00,,True,8,54.19875,52.92375,1/1,63.7244,63.28,59.4232,60.956,65.613,68.8894,57.7,81.809,14.854906440860946,0.1225214656956188,7,3,True,True,True,True,True,True,B,0.466765873015873,269.0
★ Broken Fang Gloves | Yellow-banded (Field-Tested),True,True,True,0.0618,0.18143225349977252,146,summary,True,True,True,True,True,56.6,50,-0.0241288525536648,-0.0256366201727058,128,8.393487738610919,10.487998371232592,0.8954971214315195,2.56,-0.0156589124703209,-0.0007295415870986,0.0018426196407119,0.1023810228483484,0.0197185391263167,-0.1179798363065332,2026-06-17T03:23:32.012801+00:00,ok,,best_deal,2026-05-21T00:20:51.706387+00:00,,True,8,58.3525,56.9875,1/1,71.2195,71.4765,64.007,67.5902,73.568,76.554,54.652,99.011,17.617366030370892,-0.0639924649565073,7,3,True,True,True,True,True,True,B,0.36458333333333337,323.0
StatTrak™ Glock-18 | Moonrise (Minimal Wear),True,True,True,0.2042,1.8627393911170615,136,summary,True,True,True,True,True,3.17,50,-0.0253680562475318,-0.0257544129495348,300,7.6136124552914035,7.416368609299391,0.924315619967794,6.0,0.0192837465564739,0.0045165981508184,0.0108601381016204,0.0778378378378377,0.0545945945945945,-0.0826297815402405,2026-06-17T03:31:44.715397+00:00,ok,,best_deal,2026-05-11T18:12:07.889140+00:00,,True,8,3.4125,3.32875,1/1,3.8024,3.726,3.444,3.5555,3.845,3.895,2.07,29.672,11.860929938985905,-0.0167419612011692,7,3,True,True,True,True,True,True,B,0.6448412698412699,180.0
★ Moto Gloves | Transport (Field-Tested),True,True,True,0.1018,0.3382551850959294,194,summary,True,True,True,True,True,41.96,50,-0.0236788280356128,-0.0259374667092787,186,6.258647905988737,6.0978699354939385,0.938406724277081,3.72,0.109512340723358,0.0088840456972512,0.0258698323472212,0.0987031299281991,0.0987031299281991,-0.0711786874178704,2026-06-17T03:19:11.344180+00:00,ok,,best_deal,2026-05-21T09:43:13.016290+00:00,,True,8,51.2575,50.10625,1/1,51.313,50.801,47.672,49.1415,52.353,53.9805,45.258,69.746,12.29415547716953,0.060983051514734,7,3,True,True,True,True,True,True,B,0.5124007936507937,246.0
MAC-10 | Derailment (Factory New),True,True,True,0.1665,0.7260835206223412,259,summary,True,True,True,True,True,22.58,50,-0.0240717354506452,-0.0260998711068332,88,4.802719980455233,3.64509955617085,0.9632761060857794,1.76,-0.0353592252198834,-0.0061879600671996,-0.0061344779835016,0.0827152399295169,0.0363479900012293,-0.0517045493710493,2026-06-17T03:23:04.084802+00:00,ok,,best_deal,2026-04-18T01:53:22.899862+00:00,,True,8,23.1975,22.65625,1/1,24.559,24.3765,23.4813,23.7452,24.9247,25.7759,17.061,36.383,9.343214300256522,0.037718999829903,7,3,True,True,True,True,True,True,C,0.21378968253968256,398.0
StatTrak™ AWP | Phobos (Factory New),True,True,True,0.178,0.7502883689429294,99,summary,True,True,True,True,True,8.86,50,-0.0240628345900874,-0.0261688218400102,79,9.198144466534115,9.733598409542754,0.9015109521680822,1.58,0.0134578412524031,-0.0113575125926938,,0.2132791327913279,0.1000000000000001,-0.1131664245662503,2026-06-17T03:22:51.828979+00:00,ok,,best_deal,2026-05-11T10:15:00.631945+00:00,,True,8,8.991249999999999,8.78,1/1,11.3175,11.185,10.0834,10.694,11.735,12.4372,9.041,19.928,20.79787939032473,0.0290973319698801,7,3,True,True,True,True,True,True,C,0.169890873015873,419.0
★ Hand Wraps | Arboreal (Field-Tested),True,True,True,0.0762,0.22336970860766872,118,summary,True,True,True,True,True,48.67,50,-0.0218085940691145,-0.0268470592545634,129,8.764231810891113,6.186071888722362,0.9373301811401172,2.58,0.0643065956509549,0.0108119282689032,0.0309494375293439,0.1244393606453748,0.1244393606453748,-0.0725916524234606,2026-06-17T03:07:16.559868+00:00,ok,,best_deal,2026-05-21T04:32:12.724392+00:00,,True,8,52.04875,50.93875,1/1,60.8496,60.064,56.2998,57.956,63.289,65.755,52.803,79.592,15.53863953090899,0.0541831278658351,7,3,True,True,True,True,True,True,B,0.3685515873015873,321.0
StatTrak™ AK-47 | Redline (Field-Tested),True,True,True,0.3326,2.0458014604182364,400,summary,True,True,True,True,True,67.41,50,-0.0248177278420641,-0.0268688612703933,54,24.89562846830264,5.0721572042669,0.937811851626942,1.08,0.1302458311844594,-0.0105558321713512,,0.3535646058187214,0.1152367277904189,-0.0691780331854778,2026-06-17T03:28:10.620244+00:00,ok,,best_deal,2026-05-11T09:04:38.839875+00:00,,True,8,68.49,66.83375000000001,1/1,96.9134,79.044,74.1284,75.8213,99.9485,170.8696,59.581,229.138,99.8223155930965,0.0409565608395241,7,3,True,True,True,True,True,True,C,0.03869047619047619,488.0
MP9 | Latte Rush (Field-Tested),True,True,True,0.1692,0.5409799164644975,132,summary,True,True,True,True,True,23.86,50,-0.0197143528862203,-0.0269592902117127,153,3.4021284712220363,4.811248043970761,0.9516696645030108,3.06,-0.0741712971833683,-0.0129465366586936,-0.0199101407109563,0.1244644963678884,0.0102444173099609,-0.055656312654384,2026-06-17T02:52:33.145601+00:00,ok,,best_deal,2026-04-18T07:32:36.174920+00:00,,True,8,25.24,24.75125,1/1,25.6898,25.574,24.338,25.126,26.0,26.435,22.999,35.595,8.162772773629992,-0.0494186618402155,7,3,True,True,True,True,True,True,B,0.4196428571428571,294.0
StatTrak™ AK-47 | Inheritance (Field-Tested),True,True,True,0.0859,0.276535609780978,179,summary,True,True,True,True,True,87.66,50,-0.0276086776388701,-0.0269879632372895,64,3.47809766240164,3.296274681736468,0.9672692858356184,1.28,0.017037981136885,-0.0040944648937285,-0.0033598813074221,0.0671605878932488,0.016752551480761,-0.0534127275162257,2026-06-17T03:48:50.561673+00:00,ok,,best_deal,2026-05-11T08:00:58.867249+00:00,,True,8,91.2625,88.78125,1/1,102.2973,103.0225,99.6505,101.0938,104.6518,109.226,10.238,120.806,9.360462104082908,-0.0257847752622428,7,3,True,True,True,True,True,True,C,0.09250992063492064,458.0
StatTrak™ UMP-45 | K.O. Factory (Minimal Wear),True,True,True,0.2175,0.5374327118540556,95,summary,True,True,True,True,True,9.12,50,-0.02832151497157,-0.027102414909173,84,5.617099971272624,10.358014938236142,0.896677711113101,1.68,-0.0313845050215207,-0.0009214922685711,-0.0325975464011696,0.1662192186632104,0.0137474541751526,-0.1233389684733556,2026-06-17T03:51:58.079144+00:00,ok,,best_deal,2026-05-12T14:50:07.146181+00:00,,True,8,9.39125,9.1325,1/1,11.1392,11.167,10.0132,10.714,11.3397,11.844,7.603,19.805,16.435650675093363,-0.0416962384669978,7,3,True,True,True,True,True,True,C,0.18998015873015875,412.0
★ Shadow Daggers | Bright Water (Factory New),True,True,True,0.1122,0.319854319112571,41,summary,True,True,True,True,True,46.3,42,-0.0400805130059495,-0.0271930587852167,52,5.4590168364727205,3.5231377636047543,0.9646718757057045,1.238095238095238,-0.0026875738226886,0.008172741551512,0.0107984639432121,0.075437693099897,0.0679196704428424,-0.068314319377961,2026-06-17T05:12:33.020859+00:00,ok,,best_deal,2026-05-21T11:55:28.705061+00:00,,False,8,50.37125,48.44375,1/1->1/1,55.5045,55.3525,53.397,54.1935,57.2235,59.3226,45.766,59.773,10.675891143961303,0.0366640272600289,7,3,True,True,True,True,True,True,C,0.0339781746031746,490.0
★ Skeleton Knife | Rust Coat (Battle-Scarred),True,True,True,0.1449,0.7045938045903455,96,summary,True,True,True,True,True,134.47,50,-0.0247096598784582,-0.0272711418996526,63,3.802776622461773,4.362317575955228,0.9562101198163752,1.26,-0.0504458275613135,-0.0083440503115617,-0.0327294251592596,0.1501378401054776,0.0,-0.0612506668550624,2026-06-17T03:27:35.128486+00:00,ok,,best_deal,2026-05-21T16:33:55.833034+00:00,,True,8,136.45,133.12625,1/1,157.0037,156.406,149.557,153.855,159.8255,165.1824,126.777,213.847,9.952249532972798,-0.0725289035700672,7,3,True,True,True,True,True,True,C,0.08482142857142856,463.0
M4A4 | Turbine (Minimal Wear),True,True,True,0.0922,0.45508174616551506,137,summary,True,True,True,True,True,3.81,50,-0.0233210375797269,-0.0276604973973395,272,5.505731552573289,4.430393358711323,0.9549431321084864,5.44,0.0263870094722598,0.0013405428039576,0.0242354619761775,0.1141507361019555,0.0785541639200175,-0.0514472538196438,2026-06-17T03:16:05.513707+00:00,ok,,best_deal,2026-04-18T00:19:38.380930+00:00,,True,8,4.22125,4.12125,1/1,4.6497,4.572,4.366,4.486,4.742,4.8005,3.918,9.474,9.344688904660533,-0.0138678223185265,7,3,True,True,True,True,True,True,B,0.6205357142857143,194.0
AK-47 | Nouveau Rouge (Minimal Wear),True,True,True,0.0802,0.7250318879765547,200,summary,True,True,True,True,True,44.83,50,-0.0230471873147235,-0.0281433437920215,269,5.100665351061639,3.833586749053727,0.9613796849538296,5.38,-0.0086025040409851,-0.0048707736846089,-0.007050585709342,0.0641252383452619,0.0216928731312348,-0.0452866412308375,2026-06-17T03:13:58.189296+00:00,ok,,best_deal,2026-04-17T00:50:41.239315+00:00,,True,8,46.65375,45.59625,1/1,37.0932,36.82,35.398,36.082,37.974,39.042,32.824,44.56,9.823903033440086,-0.0201456770734612,7,3,True,True,True,True,True,True,B,0.6165674603174603,195.0
M4A1-S | Black Lotus (Battle-Scarred),True,True,True,0.308,3.7114376295573703,206,summary,True,True,True,True,True,5.7,50,-0.0202402896450752,-0.028218782660628,793,4.549950544015823,3.824596109462567,0.9616148246194576,15.86,-0.0516191086886822,-0.0101669258326417,-0.0272724139604862,0.0895875591615957,0.0125084516565248,-0.0339490993339264,2026-06-17T02:57:01.261092+00:00,ok,,best_deal,2026-04-17T21:17:05.341670+00:00,,True,8,6.0025,5.89,1/1,6.066,6.044,5.812,5.917,6.193,6.286,5.186,6.943,7.814045499505429,-0.0172757475083055,7,3,True,True,True,True,True,True,A,0.8412698412698413,81.0
M4A1-S | Solitude (Minimal Wear),True,True,True,0.4794,9.377884122372244,400,summary,True,True,True,True,True,5.15,50,-0.0178929340828793,-0.0288069571519159,1384,7.508276168048863,6.655062967134222,0.9331619537275064,27.68,0.1186199537613372,0.0040762516411029,0.026320637828211,0.1060413354531001,0.1060413354531001,-0.0552919808143062,2026-06-17T02:37:16.471530+00:00,ok,,best_deal,2026-04-17T22:16:13.047484+00:00,,True,8,5.56625,5.46875,1/1,5.8602,5.835,5.445,5.602,6.042,6.159,5.364,8.1,12.183884509061116,0.0695459955789832,7,3,True,True,True,True,True,True,A,0.9246031746031746,39.0
MP9 | Hydra (Field-Tested),True,True,True,0.129,0.7198586145954567,216,summary,True,True,True,True,True,6.16,50,-0.0265706523223908,-0.0289981648130541,173,14.03195086873714,11.072673326336789,0.8889985712430186,3.46,-0.053262578616352,0.0126882585893484,,0.2219915576776692,0.0512767282541,-0.1243106884115158,2026-06-17T03:41:41.123036+00:00,ok,,best_deal,2026-04-18T07:31:38.583142+00:00,,True,8,6.57375,6.4037500000000005,1/1,7.7181,7.699,6.8444,7.124,8.207,8.604,5.709,13.545,22.7983571086148,-0.1208784523664678,7,3,True,True,True,True,True,True,B,0.466765873015873,268.0
AK-47 | The Outsiders (Battle-Scarred),True,True,True,0.0589,0.26726057906458794,69,summary,True,True,True,True,True,8.37,50,-0.02869657349581,-0.0290540471375154,479,1.929515193334864,2.504536277441292,0.9750889679715302,9.58,-0.0131694468832308,-0.0017001339797518,-0.0066360888347354,0.0404168784951702,0.0183019827147941,-0.0332522229162395,2026-06-17T03:54:50.803813+00:00,ok,,best_deal,2026-04-17T01:44:31.168923+00:00,,True,8,8.870000000000001,8.625,1/1,7.8258,7.868,7.672,7.767,7.918,7.942,7.124,8.886,3.450126504638509,0.0008904719501336,7,3,True,True,True,True,True,True,A,0.7579365079365079,123.0
StatTrak™ Glock-18 | Vogue (Factory New),True,True,True,0.4524,3.8268206570522416,93,summary,True,True,True,True,True,24.82,50,-0.0304419869345644,-0.0292345871325122,50,4.514523608845887,5.755078063713421,0.9424027752419208,1.0,-0.0047882070227035,0.0138183232408027,0.0272984155964688,0.2033696729435084,0.1194522029011623,-0.081972167658419,2026-06-17T04:07:56.435554+00:00,ok,,best_deal,2026-05-11T18:16:54.226925+00:00,,True,8,27.23,26.435,1/1,27.4071,27.385,25.8077,26.8417,28.079,29.8539,17.178,31.827,14.76332775083828,0.0186680861999339,7,3,True,True,True,True,True,True,C,0.00496031746031746,501.0
AK-47 | Redline (Battle-Scarred),True,True,True,0.1202,1.5058172517093462,167,summary,True,True,True,True,True,30.45,50,-0.0265922175445679,-0.0293359599728754,107,3.1566355036787086,6.053963600154897,0.9397287622194684,2.14,0.0232605940187045,0.002204550704854,0.0005006478495857,0.0603615667894208,0.0324740542350184,-0.0771932605846525,2026-06-17T03:41:56.697671+00:00,ok,,best_deal,2026-04-17T01:41:12.248005+00:00,,True,8,31.32,30.5125,1/1,28.9232,29.052,27.301,28.654,29.567,29.854,23.972,34.15,8.82682414117387,0.0232255412441764,7,3,True,True,True,True,True,True,C,0.279265873015873,363.0
M4A4 | Desolate Space (Battle-Scarred),True,True,True,0.128,0.4364441742302514,53,summary,True,True,True,True,True,12.74,45,-0.0382189074235017,-0.029782200284386,344,3.499743829299895,2.816370814622821,0.9714917632702867,7.644444444444445,0.0560456273764258,0.0054120386700659,0.0164844766731755,0.0926766040181464,0.0766184201051343,-0.0476478738187226,2026-06-17T04:58:50.941013+00:00,ok,,best_deal,2026-04-17T23:06:37.748545+00:00,,False,8,13.6625,13.16875,1/1->1/1,13.2724,13.112,12.7382,12.916,13.3805,14.0142,12.055,18.101,9.613935686085409,0.0536418816388468,7,3,True,True,True,True,True,True,B,0.6949404761904762,154.0
StatTrak™ M4A4 | Evil Daimyo (Minimal Wear),True,True,True,0.0529,0.17740382178518926,71,summary,True,True,True,True,True,13.67,50,-0.0449852539992535,-0.0298739803388412,86,11.8083590596058,9.329731655188793,0.9066472614945944,1.72,0.0797148203109878,0.0141294889227619,0.011130784635136,0.1501688129313693,0.0783710299082733,-0.1295911924704574,2026-06-17T05:44:33.406719+00:00,ok,,best_deal,2026-05-11T22:21:03.930480+00:00,,True,8,14.755,14.1325,1/1,16.844,16.834,15.2625,15.945,17.934,18.948,6.003,20.536,21.88019472809309,-0.0669881801962533,7,3,True,True,True,True,True,True,C,0.20188492063492064,405.0
UMP-45 | Wild Child (Well-Worn),True,True,True,0.1635,1.316220481820077,64,summary,True,True,True,True,True,3.45,38,-0.0313024901027788,-0.0299856140981837,860,5.323059329648488,4.615133280692684,0.9538712750034016,22.63157894736842,0.0510396975425331,0.0098296013421217,0.0289280962092552,0.0930113052415211,0.0930113052415211,-0.0499839681086957,2026-06-17T04:14:06.834478+00:00,ok,,best_deal,2026-04-18T22:23:58.664742+00:00,,False,8,4.015,3.90125,1/1->1/1,3.6727,3.6745,3.505,3.5855,3.781,3.831,2.97,3.989,8.876303536907454,0.0417558886509634,7,3,True,True,True,True,True,True,A,0.8700396825396824,67.0
Glock-18 | Nuclear Garden (Factory New),True,True,True,0.186,1.175161869990587,209,summary,True,True,True,True,True,30.46,50,-0.0258930858331176,-0.0309703160661645,321,4.223665291532845,5.507814074740993,0.9449101997614286,6.42,-0.0399023535097851,0.0004411185861067,0.0030904814940884,0.1715457074111361,0.0751011074896332,-0.0635631484749469,2026-06-17T03:36:24.037922+00:00,ok,,best_deal,2026-04-17T19:14:15.233897+00:00,,True,8,38.7625,37.805,1/1,119.0672,119.042,112.484,117.105,122.134,125.302,105.997,127.29,10.765349315344622,-0.0403818756447835,7,3,True,True,True,True,True,True,B,0.6691468253968254,167.0
Five-SeveN | Heat Treated (Battle-Scarred),True,True,True,0.0997,0.5318334026394697,400,summary,True,True,True,True,True,4.4,50,-0.0385274235537743,-0.031164479335211,185,8.436748908618235,7.396870554765295,0.9242591662481164,3.7,-0.0630479164164765,-0.0119154363016937,-0.0274272547434105,0.1171494488592669,0.031017687772366,-0.0990541719427129,2026-06-17T05:01:10.097866+00:00,ok,,best_deal,2026-04-17T12:01:01.209995+00:00,,True,8,4.72375,4.55,1/1,4.0774,3.982,3.6804,3.789,4.133,4.245,3.298,8.181,13.847059400598422,0.0196027182435962,7,3,True,True,True,True,True,True,B,0.5074404761904762,247.0
★ Driver Gloves | Queen Jaguar (Field-Tested),True,True,True,0.1224,0.3575246674494821,232,summary,True,True,True,True,True,57.63,50,-0.0272749531313724,-0.0313278991014429,111,6.021658280463808,7.907186611244807,0.9200547437687492,2.22,0.0182596614590717,0.0015386413562224,,0.0660624286470081,0.0458051401999275,-0.0961897018099038,2026-06-17T03:46:24.687917+00:00,ok,,best_deal,2026-05-21T02:19:09.112809+00:00,,True,8,63.97,62.315,1/1,73.136,72.337,66.554,69.008,73.412,79.717,59.569,103.853,17.997976372784947,-0.0012514600367095,7,3,True,True,True,True,True,True,C,0.29985119047619047,354.0
StatTrak™ Glock-18 | Shinobu (Field-Tested),True,True,True,0.1282,0.9178451549001264,126,summary,True,True,True,True,True,9.14,50,-0.0284324781563795,-0.0317129435450046,308,6.379014419326122,3.841176308615799,0.9609261939218524,6.16,0.0237486298867373,0.007900860359254,0.0113429607005459,0.0697269807280513,0.0663365453247679,-0.0497459807963803,2026-06-17T03:52:33.539253+00:00,ok,,best_deal,2026-05-11T18:15:07.437641+00:00,,True,8,9.37,9.11125,1/1,10.8951,10.7105,10.292,10.4215,11.1165,11.6971,5.631,19.805,12.896623252654871,-0.0033789791926018,7,3,True,True,True,True,True,True,B,0.6577380952380952,173.0
★ Navaja Knife | Tiger Tooth (Factory New),True,True,True,0.0521,0.2394175194002717,69,summary,True,True,True,True,True,76.99,50,-0.0319696021237931,-0.0322972048858409,79,7.141352199514313,7.214761751627311,0.9283079160789846,1.58,0.0192286741475107,0.0116718720546532,0.0108960810173461,0.0998556998556998,0.0842605953717065,-0.0958848255208016,2026-06-17T04:17:11.344024+00:00,ok,,best_deal,2026-05-21T09:51:13.249821+00:00,,True,8,79.26625,76.80125000000001,1/1,90.179,90.752,84.2458,87.091,93.531,94.5946,76.91,108.92,11.475842491045585,0.0497643626570916,7,3,True,True,True,True,True,True,C,0.169890873015873,421.0
Tec-9 | Remote Control (Minimal Wear),True,True,True,0.1592,1.227533681447076,76,summary,True,True,True,True,True,7.27,50,-0.0399611579631183,-0.0326421944069001,70,11.003300493833288,9.901481499863516,0.8993694829760404,1.4,-0.0588654165677664,-0.0187269751697076,,0.1722572509457755,0.0537200504413619,-0.1313717481275213,2026-06-17T05:11:43.382357+00:00,ok,,best_deal,2026-04-18T20:28:57.942749+00:00,,True,8,8.40375,8.09125,1/1,8.0594,7.93,7.132,7.5505,8.4373,8.5895,6.846,16.297,18.08447278953768,0.0286677908937604,7,3,True,True,True,True,True,True,C,0.13640873015873017,436.0
AWP | Elite Build (Battle-Scarred),True,True,True,0.1722,0.6692708333333334,69,summary,True,True,True,True,True,14.87,50,-0.0312242073319285,-0.0327920555768657,66,4.865361291634248,4.893403719828103,0.9513147799400152,1.32,-0.0495470383275261,-0.0100355389560319,-0.0421095667276848,0.1558765305374295,0.0,-0.0728484848323915,2026-06-17T04:13:06.470230+00:00,ok,,best_deal,2026-04-17T03:57:23.093351+00:00,,True,8,15.4225,14.95625,1/1,14.2641,14.337,13.639,14.0362,14.7302,14.9155,7.739,15.875,8.949039897364717,-0.0426084514951565,7,3,True,True,True,True,True,True,C,0.1076388888888889,451.0
Desert Eagle | Printstream (Factory New),True,True,True,0.2292,1.1441176441191432,239,summary,True,True,True,True,True,87.49,50,-0.0291845719805005,-0.0329337243644634,87,5.679343204078838,3.5743769938892065,0.962667764333763,1.74,-0.0247668060469604,0.0018329369483894,-0.0150438461829531,0.1116158822027406,0.0261830794110136,-0.0561733306629848,2026-06-17T03:57:31.103625+00:00,ok,,best_deal,2026-04-17T07:52:27.724019+00:00,,True,8,88.0025,85.50625,1/1,96.4196,92.317,88.8706,91.549,97.025,99.6202,68.729,207.798,11.14877058191488,-0.0078952923791427,7,3,True,True,True,True,True,True,C,0.20783730158730157,401.0
Five-SeveN | Boost Protocol (Minimal Wear),True,True,True,0.0941,0.2567129499503438,79,summary,True,True,True,True,True,4.96,50,-0.0412370546591082,-0.0331023746438802,204,8.660757595801913,7.13792241772133,0.9284303610906413,4.08,0.0181133169105927,0.014055957871967,0.044258868473878,0.1316538571021918,0.1316538571021918,-0.0984990045906431,2026-06-17T05:20:59.869332+00:00,ok,,best_deal,2026-04-17T11:50:54.440869+00:00,,True,8,5.4975000000000005,5.2875000000000005,1/1,6.8031,6.785,6.2994,6.4428,7.032,7.2609,5.691,9.49,14.133262777263308,0.0209983288527211,7,3,True,True,True,True,True,True,B,0.5431547619047619,229.0
P2000 | Imperial Dragon (Minimal Wear),True,True,True,0.1058,0.33440908891777044,103,summary,True,True,True,True,True,13.1,50,-0.038582305692247,-0.0336485028861295,64,12.817795179909538,7.857962600418548,0.922015275358435,1.28,-0.04296793125131,-0.0220814517771307,-0.00505838613991,0.2927069645203679,0.062089356110381,-0.1100032347564234,2026-06-17T05:01:49.967282+00:00,ok,,best_deal,2026-04-18T12:02:43.386095+00:00,,True,8,13.95875,13.43625,1/1,14.813,14.926,13.762,13.9103,15.809,16.857,2.17,19.691,20.89380949166272,-0.0804242749731471,7,3,True,True,True,True,True,True,C,0.09250992063492064,457.0
StatTrak™ USP-S | Torque (Factory New),True,True,True,0.2127,1.4808344252407395,116,summary,True,True,True,True,True,4.55,50,-0.0482236002496096,-0.0337244682554702,107,11.000642649226927,7.9197066495293456,0.9201904761904762,2.14,0.0475855837767293,-0.0065907421575093,0.0014024789577624,0.0917105893627216,0.0454240536655488,-0.1174820737834387,2026-06-17T06:06:20.249667+00:00,ok,,best_deal,2026-05-12T18:24:39.137553+00:00,,True,8,4.74625,4.5287500000000005,1/1,5.2906,5.25,4.831,4.98,5.562,5.7942,3.761,7.104,18.20587456999205,0.0052986512524084,7,3,True,True,True,True,True,True,C,0.279265873015873,365.0
Zeus x27 | Dragon Snore (Minimal Wear),True,True,True,0.1205,0.34671657629410885,159,summary,True,True,True,True,True,40.34,50,-0.0443289414614211,-0.0351302396399439,74,2.3916192691211475,6.620996056623605,0.9339939062151652,1.48,-0.0731161096618596,-0.012652711675046,-0.0216452390607202,0.0917876961474126,0.0051509438971934,-0.1026498684111328,2026-06-17T05:39:39.333480+00:00,ok,,best_deal,2026-05-20T22:05:07.949312+00:00,,True,8,42.3925,40.57625,1/1,40.2447,40.369,37.7044,39.7897,40.7522,42.1669,34.658,47.44,11.08841661137988,-0.0597648351099684,7,3,True,True,True,True,True,True,C,0.15426587301587302,426.0
M4A4 | Full Throttle (Field-Tested),True,True,True,0.1821,1.0271473663974597,158,summary,True,True,True,True,True,52.99,50,-0.0359369431851652,-0.0352713368016708,135,6.236671940565453,6.513723601843567,0.9337924765767026,2.7,-0.0258940665294562,-0.0043665593771938,-0.0046302891408249,0.0684785553047404,0.0191060948081264,-0.0897101447222609,2026-06-17T04:44:11.381295+00:00,ok,,best_deal,2026-04-17T23:10:02.688933+00:00,,True,8,54.3125,52.43,1/1,58.148,57.208,53.4204,55.375,59.0015,64.2626,49.323,81.391,18.6458691614501,-0.0291474906859521,7,3,True,True,True,True,True,True,B,0.37847222222222227,314.0
AK-47 | Legion of Anubis (Factory New),True,True,True,0.2168,0.7014143523371454,207,summary,True,True,True,True,True,69.41,50,-0.0308564758088577,-0.0355982742177146,113,4.248559388583511,3.7314877285346113,0.9622189870937036,2.26,-0.0159762151472669,-0.0031551439268758,,0.06537598590483,0.0491403873418766,-0.057907001092845,2026-06-17T04:10:29.639431+00:00,ok,,best_deal,2026-04-17T00:48:07.757038+00:00,,True,8,71.46125,69.3325,1/1,72.3304,71.438,68.739,69.746,72.819,74.095,54.71,114.1,7.404908586154639,0.0160130901767732,7,3,True,True,True,True,True,True,C,0.3125,346.0
StatTrak™ SSG 08 | Memorial (Factory New),True,True,True,0.4536,3.4496496449579337,62,summary,True,True,True,True,True,3.49,50,-0.04109899160419,-0.0357511425622881,126,8.722394549166196,6.177258145762074,0.9370780448285176,2.52,0.004034357105674,0.0092166772093946,0.0079163920389084,0.122747893713545,0.0895657809462086,-0.0919407197922481,2026-06-17T05:20:16.525229+00:00,ok,,best_deal,2026-05-12T11:48:40.241401+00:00,,True,8,3.61875,3.4762500000000003,1/1,3.7719,3.703,3.47,3.539,3.868,4.0015,1.725,7.56,14.091041650096765,0.070338512763596,7,3,True,True,True,True,True,True,B,0.35664682539682535,328.0
AWP | Crakow! (Field-Tested),True,True,True,0.082,0.37037037037037035,400,summary,True,True,True,True,True,39.43,50,-0.0350236958544263,-0.0358408771580899,275,7.074131181849183,4.341831812312552,0.955973281314654,5.5,-0.0173113096637667,-6.865659902718526e-05,-0.0005515774313553,0.0885598923283983,0.0331987438313144,-0.0621837468446947,2026-06-17T04:38:28.378808+00:00,ok,,best_deal,2026-04-17T03:54:50.362232+00:00,,True,8,40.89625,39.5125,1/1,34.3081,33.834,32.3444,32.859,35.286,36.82,28.639,45.539,13.045315829206514,-0.0351484719937666,7,3,True,True,True,True,True,True,B,0.6235119047619048,192.0
Glock-18 | AXIA (Minimal Wear),True,True,True,0.067,0.6588299000473817,329,summary,True,True,True,True,True,52.91,50,-0.0259693063076425,-0.0358639463108552,151,6.234263051536133,3.5466894323351696,0.964052573932092,3.02,-0.0634020248438286,0.0013361483225479,-0.0106228059776011,0.0880645726551891,0.0203706137468786,-0.0493516795693048,2026-06-17T03:37:24.733414+00:00,ok,,best_deal,2026-04-17T18:18:24.593912+00:00,,True,8,56.05375,54.69,1/1,46.2685,45.65,44.009,44.6465,47.531,49.511,39.624,56.443,11.891459632363276,0.0196998123827392,7,3,True,True,True,True,True,True,B,0.41567460317460314,296.0
StatTrak™ Desert Eagle | Printstream (Field-Tested),True,True,True,0.0915,0.3570628176163104,128,summary,True,True,True,True,True,61.33,50,-0.0364881735859128,-0.036323623921685,72,10.309765871800431,8.428051298284366,0.9151908283737517,1.44,0.0562793121417404,0.0073971641495169,,0.1523353644715262,0.053280710409472,-0.1130208900419818,2026-06-17T04:47:41.737206+00:00,ok,,best_deal,2026-05-11T12:14:17.270519+00:00,,True,8,65.18625,62.92,1/1,78.0299,77.5435,70.9671,74.0,82.0447,84.596,49.1,105.13,17.466253320842398,-0.0358166741659703,7,3,True,True,True,True,True,True,C,0.1440972222222222,432.0
R8 Revolver | Crazy 8 (Factory New),True,True,True,0.1441,0.5630096833796059,112,summary,True,True,True,True,True,8.78,50,-0.025672044477995,-0.0363368983957218,112,3.922623071722698,7.441152971544468,0.9257493292449214,2.24,-0.0683513472370224,-0.0150787215205093,,0.1482026143790849,0.0428104575163399,-0.0898726739893074,2026-06-17T03:35:38.360276+00:00,ok,,best_deal,2026-04-19T03:59:09.079134+00:00,,True,8,9.05125,8.82,2/2,6.5084,6.5225,6.0382,6.2995,6.5548,6.605,5.016,9.902,8.708745621043585,-0.0660766061345947,7,3,True,True,True,True,True,True,C,0.3053075396825397,350.0
StatTrak™ M4A4 | In Living Color (Field-Tested),True,True,True,0.0996,0.27734463344085886,36,summary,True,True,True,True,True,30.88,41,-0.0352752453937428,-0.0364485653294702,79,6.744850862670148,5.927164128253324,0.9400366221456268,1.9268292682926829,-0.0330529158228177,-0.0060430981045985,-0.0269904336890377,0.1541177734217665,0.0327193147337613,-0.0852189388897182,2026-06-17T04:39:21.390901+00:00,ok,,best_deal,2026-05-11T22:24:59.039230+00:00,,False,8,31.83625,30.75125,1/1->1/1,37.5694,37.136,34.9092,36.2765,38.8105,40.5778,33.25,46.17,15.088343172901364,-0.0047569416606536,7,3,True,True,True,True,True,True,C,0.1875,413.0
StatTrak™ AWP | PAW (Factory New),True,True,True,0.27,1.8452169872461148,99,summary,True,True,True,True,True,14.19,50,-0.0406672751126075,-0.0364622387699096,59,5.243901115007552,6.774729390817198,0.9271070615034168,1.18,0.0021071115013169,-0.0015883853856207,0.0074714263422788,0.1559780386659658,0.0505519537410198,-0.1016454391486873,2026-06-17T05:16:50.443163+00:00,ok,,best_deal,2026-05-11T10:14:46.211335+00:00,,True,8,15.42375,14.80125,1/1,18.4214,17.121,15.873,16.6575,17.6235,19.0706,12.258,47.601,17.358072676343816,-0.0073056183684119,7,3,True,True,True,True,True,True,C,0.06200396825396826,474.0
StatTrak™ AWP | Printstream (Battle-Scarred),True,True,True,0.0668,0.2479413452671899,38,summary,True,True,True,True,True,62.63,39,-0.0384064354413085,-0.0366991853632211,53,4.538440591812658,10.290106353355291,0.8998322700452271,1.358974358974359,-0.0405620931936721,-0.0061434921217392,,0.1188786054452332,0.032797196513613,-0.1338530345684803,2026-06-17T04:59:58.959574+00:00,ok,,best_deal,2026-05-11T10:15:14.409448+00:00,,False,8,65.9525,63.57375,1/1->1/1,65.0003,66.774,60.0854,64.583,67.533,68.13,47.178,69.154,12.376250571151203,-0.0079631555489526,7,3,True,True,True,True,True,True,C,0.05431547619047619,478.0
M4A4 | In Living Color (Battle-Scarred),True,True,True,0.0557,0.24088117452967528,25,summary,True,True,True,True,True,29.82,27,-0.0472256197444923,-0.0372330040972552,77,8.523704978342147,9.698569987539315,0.9040983366092644,2.851851851851852,0.1298733017859867,0.0075661384750867,0.0459460062232066,0.1382366451403712,0.1382366451403712,-0.1324979281170896,2026-06-17T06:00:50.227450+00:00,ok,,best_deal,2026-04-17T23:13:55.325120+00:00,,False,8,30.97375,29.58375,1/1->1/1,33.706,34.087,30.818,32.074,34.947,35.871,28.992,37.009,14.991396190589212,0.0590036340744555,7,3,True,True,True,True,True,True,C,0.21750992063492064,396.0
Desert Eagle | Kumicho Dragon (Minimal Wear),True,True,True,0.0943,0.9145045352025832,101,summary,True,True,True,True,True,29.88,50,-0.0360190584156812,-0.037304170719136,85,12.66958674934455,8.276457613716765,0.9153498270816706,1.7,0.0105204095946136,0.0080906951888811,0.0159944258036384,0.1601471404775125,0.0605080510827319,-0.1101563592696691,2026-06-17T04:44:28.320625+00:00,ok,,best_deal,2026-04-17T06:59:18.899751+00:00,,True,8,30.835,29.76125,1/1,38.4464,37.59,34.408,35.041,39.912,41.455,30.079,86.12,18.32941445753048,-0.0906107197859071,7,3,True,True,True,True,True,True,C,0.1959325396825397,407.0
AUG | Eye of Zapems (Field-Tested),True,True,True,0.1716,0.5444056228162834,344,summary,True,True,True,True,True,3.94,50,-0.0355716104049481,-0.0376152345064262,579,6.791642122041656,4.33140441456738,0.9563395040167656,11.58,0.0280725778842863,-0.0034160465611209,-0.0004846354257777,0.1363636363636365,0.0782550782550783,-0.0568920417284368,2026-06-17T04:41:42.100712+00:00,ok,,best_deal,2026-04-17T02:45:30.370904+00:00,,True,8,4.005,3.8675,1/1,2.8859,2.863,2.738,2.776,2.972,3.048,2.514,3.47,10.741882948127104,0.0256147540983606,7,3,True,True,True,True,True,True,A,0.785218253968254,109.0
StatTrak™ AWP | Mortis (Battle-Scarred),True,True,True,0.0732,0.33038283110554356,23,summary,True,True,True,True,True,7.73,26,-0.0445319192341559,-0.0378830502708501,52,4.1518460222836495,5.34782554810564,0.9453832035947092,2.0,-0.0727655591951333,0.0183203546305938,,0.2199722432500629,0.1323492303810244,-0.088467749620819,2026-06-17T05:41:16.004889+00:00,ok,,best_deal,2026-05-11T10:13:37.442307+00:00,,False,8,7.91875,7.58,1/1->1/1,8.0687,7.9005,7.469,7.75,8.085,8.407,3.737,16.377,11.625168862394188,-0.0102397602397601,7,3,True,True,True,True,True,True,C,0.07688492063492064,467.0
★ Ursus Knife | Rust Coat (Battle-Scarred),True,True,True,0.1671,0.6886935282323429,51,summary,True,True,True,True,True,58.62,49,-0.0366900735284419,-0.0384136531709551,61,4.89671392784791,4.308371055798988,0.95662537108929,1.2448979591836735,-0.0634482758620688,-0.0079137531290534,,0.0923752169031335,0.0,-0.0727498519838375,2026-06-17T04:48:23.411365+00:00,ok,,best_deal,2026-05-23T01:52:44.028445+00:00,,False,8,64.79125,62.53375,1/1->1/1,70.5371,70.064,67.025,68.273,71.727,74.009,64.769,94.724,9.901172574432456,-0.0184069276461747,7,3,True,True,True,True,True,True,C,0.07390873015873016,468.0
StatTrak™ Galil AR | Control (Factory New),True,True,True,0.2569,0.6701949783741207,70,summary,True,True,True,True,True,5.84,50,-0.0326368202002554,-0.0384279921822584,73,6.786961203380434,8.793682905341464,0.905521472392638,1.46,-0.0019593872461702,-4.716152993783362e-05,-0.006524595625044,0.0555952168481171,0.0040157058718543,-0.1127549471116024,2026-06-17T04:22:09.959034+00:00,ok,,best_deal,2026-05-11T17:08:41.178727+00:00,,True,8,6.7475,6.5600000000000005,1/1,6.1294,5.705,5.166,5.476,5.892,5.9982,4.305,17.936,13.577185368877856,-0.0163272471910111,7,3,True,True,True,True,True,True,C,0.15029761904761907,429.0
StatTrak™ AWP | Phobos (Minimal Wear),True,True,True,0.0633,0.4979334136101799,78,summary,True,True,True,True,True,6.24,50,-0.0302094181175341,-0.0385761865981749,149,6.0450988313806455,5.620146339273696,0.943219954648526,2.98,0.0332245624443785,0.0035411602493006,,0.0602928509905254,0.0602928509905254,-0.0744132200687973,2026-06-17T04:04:59.685203+00:00,ok,,best_deal,2026-05-11T10:15:05.917741+00:00,,True,8,6.875,6.6625,1/1,6.6831,6.615,6.2394,6.458,6.862,7.2298,5.476,8.039,14.819470006434145,0.0602739726027397,7,3,True,True,True,True,True,True,B,0.41195436507936506,299.0
StatTrak™ M4A4 | Evil Daimyo (Field-Tested),True,True,True,0.0522,0.2638491759071994,64,summary,True,True,True,True,True,8.39,50,-0.033931370404365,-0.0386714563569247,137,4.78598050309895,4.287657153535503,0.956397804054054,2.74,0.0195850095278424,0.0040662106621624,-0.0053706134787966,0.0786003530266848,0.0397674177136331,-0.0653505098957104,2026-06-17T04:30:40.337222+00:00,ok,,best_deal,2026-05-11T22:20:59.398979+00:00,,True,8,8.68125,8.39625,1/1,9.6323,9.472,9.059,9.308,9.769,10.436,8.417,12.632,14.29565109060142,-0.0223327580956248,7,3,True,True,True,True,True,True,B,0.38045634920634924,313.0
M4A1-S | Blood Tiger (Minimal Wear),True,True,True,0.0751,0.9843648811175874,226,summary,True,True,True,True,True,5.8,50,-0.0474683011089289,-0.0388310195524903,201,5.682990713548689,4.857528375267865,0.9503327381918522,4.02,0.0316712684749067,0.0061956314101677,0.0176826863971379,0.0748583123425693,0.0715522670025189,-0.0820295105187071,2026-06-17T06:01:56.266620+00:00,ok,,best_deal,2026-04-17T21:17:36.075009+00:00,,True,8,6.07625,5.80125,1/1,6.2995,6.161,5.855,5.982,6.34,6.895,5.416,14.154,16.509246765616307,0.031001460801818,7,3,True,True,True,True,True,True,B,0.5342261904761905,233.0
P90 | Chopper (Factory New),True,True,True,0.2139,0.5907652045067496,58,summary,True,True,True,True,True,8.57,50,-0.0400513106407497,-0.0390785234475352,63,5.077784341857257,5.353475680085524,0.9460982863617052,1.26,-0.0423863938347063,-0.0092734373802769,-0.0315569098256379,0.1719855695851256,0.0429443596503399,-0.0865038986586569,2026-06-17T05:12:19.719346+00:00,ok,,best_deal,2026-04-18T14:42:58.492069+00:00,,True,8,8.9125,8.57375,1/1,7.1094,7.061,6.6804,6.8585,7.2195,7.5,5.629,11.888,11.528399021014437,0.0232855317336362,7,3,True,True,True,True,True,True,C,0.08482142857142856,462.0
M4A4 | 龍王 (Dragon King) (Field-Tested),True,True,True,0.0659,0.4164411474418161,188,summary,True,True,True,True,True,14.68,50,-0.0390856947089839,-0.0391307636615122,341,6.182913472070106,3.19277108433736,0.967355395038916,6.82,0.0642292490118576,0.0090963436310638,0.0166611062794119,0.0808891801846085,0.0603528319405756,-0.0531492704911605,2026-06-17T05:05:56.316425+00:00,ok,,best_deal,2026-04-18T00:22:07.687901+00:00,,True,8,16.16,15.545,1/1,18.26,17.859,17.276,17.619,18.748,19.435,14.577,23.74,11.823658269441395,0.0287110911338355,7,3,True,True,True,True,True,True,B,0.6825396825396826,160.0
M4A4 | In Living Color (Minimal Wear),True,True,True,0.0532,0.18572881492412424,153,summary,True,True,True,True,True,56.65,50,-0.0394186313660817,-0.0392336765986114,76,10.699018160429128,8.56826374097803,0.91318448085576,1.52,0.0199689955069759,-0.0056002281743733,0.004819636352483,0.1163863056750559,0.0667800132237648,-0.1170732579602311,2026-06-17T05:08:19.998819+00:00,ok,,best_deal,2026-04-17T23:14:09.788408+00:00,,True,8,58.4175,56.2025,1/1,59.6737,58.895,53.782,55.158,61.5425,67.4665,47.956,84.189,22.932213018465426,0.0009712576497284,7,3,True,True,True,True,True,True,C,0.1572420634920635,425.0
StatTrak™ M4A4 | Desolate Space (Field-Tested),True,True,True,0.1159,0.46932542163172364,39,summary,True,True,True,True,True,29.64,36,-0.0424414402453887,-0.0393178838166442,52,12.146590142172691,7.743085186486619,0.9217887323943662,1.4444444444444444,-0.0085695912318961,-0.0071231907521508,0.00557635615716,0.1554167430448823,0.0840536386581874,-0.1121086886825972,2026-06-17T05:28:32.470009+00:00,ok,,best_deal,2026-05-11T22:19:38.402453+00:00,,False,8,31.785,30.4175,1/1->1/1,35.8578,35.5,32.7235,33.6345,37.99,38.871,28.734,47.829,17.14410811594688,-0.0666096341142407,7,3,True,True,True,True,True,True,C,0.05183531746031746,479.0
Glock-18 | Water Elemental (Battle-Scarred),True,True,True,2.7706,16.86772064138515,37,summary,True,True,True,True,True,19.56,33,-0.0349479953932352,-0.0393520046196996,81,4.498006917624419,6.87109332588836,0.9318356670256962,2.4545454545454546,0.0205936582958941,-0.0042561830116095,-0.0043443265995413,0.0918066157760813,0.0469211195928751,-0.092891110422947,2026-06-17T04:37:45.766756+00:00,ok,,best_deal,2026-04-17T20:09:30.814215+00:00,,False,8,20.15125,19.47125,1/1->1/1,19.3419,19.497,18.168,18.943,19.813,20.203,16.383,23.26,10.521200088926117,0.0061959137692662,7,3,True,True,True,True,True,True,C,0.21999007936507936,395.0
MP7 | Fade (Minimal Wear),True,True,True,0.1179,0.42322377325710586,324,summary,True,True,True,True,True,8.85,50,-0.0407616557110968,-0.0399108397584413,442,4.469365128410182,4.718370017630271,0.9523888124713434,8.84,-0.0686424799863737,-0.0044180841051373,-0.0261494856210687,0.1436539868324798,0.0307242136064374,-0.0680854539187726,2026-06-17T05:17:33.996058+00:00,ok,,best_deal,2026-04-18T05:29:34.640453+00:00,,True,8,9.75125,9.3725,1/1,11.0038,10.905,10.3858,10.65,11.1418,11.719,9.385,15.435,12.115814536796377,0.0210064419755391,7,3,True,True,True,True,True,True,A,0.7366071428571428,133.0
AWP | Neo-Noir (Factory New),True,True,True,0.1111,0.5124580607037691,203,summary,True,True,True,True,True,61.54,50,-0.0374337150489852,-0.0399835921377583,102,5.265214619197471,3.858415088130653,0.960826622305438,2.04,-0.0387928165395317,-0.0060242628227692,-0.0066351501818139,0.1154384166862873,0.0457737213135189,-0.0663603942581166,2026-06-17T04:55:03.459686+00:00,ok,,best_deal,2026-04-17T04:49:24.299432+00:00,,True,8,62.58375,60.3275,1/1,72.9315,71.8345,69.0205,70.098,73.938,76.0146,62.929,122.891,9.589957700033596,0.0263543191800879,7,3,True,True,True,True,True,True,C,0.2566964285714286,377.0
StatTrak™ M4A4 | Magnesium (Minimal Wear),True,True,True,0.1972,1.3876515212872222,46,summary,True,True,True,True,True,3.91,40,-0.0342703861313588,-0.0421052631578947,291,6.167277387317048,5.266214132676557,0.9472523064580828,7.275,-0.0142713567839195,0.007872444085147,0.0266469035747127,0.1176590538336052,0.0642332789559542,-0.0685771674091692,2026-06-17T04:32:42.340576+00:00,ok,,best_deal,2026-05-11T22:25:33.059969+00:00,,False,8,3.95,3.82,1/1->1/1,4.9941,4.986,4.723,4.802,5.11,5.254,3.437,7.575,10.632546404757608,0.0201789057624297,7,3,True,True,True,True,True,True,B,0.6577380952380953,172.0
USP-S | Monster Mashup (Field-Tested),True,True,True,0.1332,1.0181487639262239,61,summary,True,True,True,True,True,24.59,50,-0.0403259292870576,-0.0423098628037912,80,5.991193313387189,5.808884608881672,0.9404094868217638,1.6,0.0359892149583838,0.0041129502199159,0.0064629707632932,0.1104028364514182,0.034738986119493,-0.0901153084164579,2026-06-17T05:14:38.199818+00:00,ok,,best_deal,2026-04-19T07:51:27.259039+00:00,,True,8,25.355,24.37125,1/2,27.2066,26.521,24.9406,25.8065,27.4365,29.707,22.913,40.257,17.519278410385716,0.0154741841581125,7,3,True,True,True,True,True,True,C,0.17658730158730157,417.0
Dual Berettas | Sweet Little Angels (Factory New),True,True,True,0.2427,1.5322130167629846,246,summary,True,True,True,True,True,21.03,50,-0.0441885209469303,-0.0424540416211057,60,6.187412958418992,4.7383778765170055,0.9504404522438789,1.2,-0.0554554418414878,-0.0110106022971694,-0.0180444363509509,0.087940964722822,0.0,-0.0847238460956562,2026-06-17T05:39:10.614156+00:00,ok,,best_deal,2026-04-17T09:48:45.616363+00:00,,True,8,22.455,21.505,1/1,15.079,14.417,13.7025,14.0185,14.9515,15.9359,10.555,26.903,14.811327011075,-0.043783560512185,7,3,True,True,True,True,True,True,C,0.06646825396825397,471.0
XM1014 | XOXO (Battle-Scarred),True,True,True,0.0769,0.32891812605564924,58,summary,True,True,True,True,True,3.37,50,-0.0342620946847075,-0.0424841116330478,140,5.003212128999103,7.143774893999744,0.9297092288242732,2.8,0.0012784454103809,-0.0060629670836312,0.0056830700284096,0.1123595505617978,0.0758426966292135,-0.0941041716923687,2026-06-17T04:32:28.181554+00:00,ok,,best_deal,2026-04-19T09:57:04.625756+00:00,,True,8,3.3975,3.285,2/2,3.8915,3.955,3.677,3.8163,4.011,4.0509,2.584,4.08,9.608120262109734,-0.0060913705583756,7,3,True,True,True,True,True,True,B,0.3864087301587302,309.0
MAC-10 | Heat (Field-Tested),True,True,True,0.1748,0.44825889684578807,80,summary,True,True,True,True,True,3.03,50,-0.0407434678983339,-0.0426688526004702,167,13.132452465356105,10.2320335159523,0.898291510945008,3.34,0.0697925087577473,-0.0011491221234064,0.0152953637686179,0.1289672544080604,0.1289672544080604,-0.1303140084676066,2026-06-17T05:17:09.627280+00:00,ok,,best_deal,2026-04-18T01:58:38.316561+00:00,,True,8,3.675,3.53625,1/1,3.7236,3.746,3.365,3.458,3.947,4.0478,2.82,4.667,18.33709313567514,0.0555703270406806,7,3,True,True,True,True,True,True,B,0.4503968253968254,278.0
UMP-45 | K.O. Factory (Factory New),True,True,True,0.2378,0.7286722744307447,144,summary,True,True,True,True,True,29.85,50,-0.0430662663010765,-0.0430249148759815,105,13.545268136440516,5.843174232559526,0.9352463095040636,2.1,-0.0299361569604484,0.0011936038160229,0.0152904797358941,0.154620971949115,0.1178217424455233,-0.0916707747499863,2026-06-17T05:32:32.895218+00:00,ok,,best_deal,2026-04-18T21:32:11.098639+00:00,,True,8,30.97125,29.6925,1/1,26.7252,24.116,22.5544,23.503,27.123,37.792,20.003,54.712,57.0158502087917,0.0600672140213551,7,3,True,True,True,True,True,True,C,0.26934523809523814,370.0
MP7 | Nemesis (Minimal Wear),True,True,True,0.1516,0.5599754878654367,120,summary,True,True,True,True,True,8.55,50,-0.0365771833908213,-0.043327998421612,109,12.01697053090242,4.416924664602676,0.9545701144002832,2.18,-0.0488765346305305,0.0032146800556627,-0.011087282160531,0.1509985387238188,0.001583049196298,-0.0706978876371594,2026-06-17T04:48:06.937005+00:00,ok,,best_deal,2026-04-18T06:18:10.741248+00:00,,True,8,10.0275,9.66375,1/1,8.721,8.479,8.0938,8.318,9.366,9.5484,7.155,11.538,16.67927989909415,-0.0481047872956996,7,3,True,True,True,True,True,True,C,0.2867063492063492,360.0
Sawed-Off | Kiss♥Love (Well-Worn),True,True,True,0.1916,1.5270372128081289,63,summary,True,True,True,True,True,3.77,50,-0.0395719141554061,-0.0434724451578384,446,3.42443116817083,5.0718189907207325,0.9493204623396418,8.92,-0.0076491585925548,-0.0017338151121521,-0.0053544008612451,0.0375128468653648,0.0043679342240493,-0.0703598706195298,2026-06-17T05:09:36.317848+00:00,ok,,best_deal,2026-04-19T06:56:25.974430+00:00,,True,8,3.7125,3.57125,2/2,3.9335,3.9365,3.737,3.87,4.0047,4.1265,3.449,4.275,9.902122791407145,-0.0086602139582272,7,3,True,True,True,True,True,True,A,0.7395833333333334,132.0
StatTrak™ Desert Eagle | Mecha Industries (Minimal Wear),True,True,True,0.0596,0.2718958556480185,82,summary,True,True,True,True,True,17.09,50,-0.0445661895126165,-0.0442876150025037,72,5.87397782061417,6.810985221447153,0.9316351150705272,1.44,-0.057335581787521,-0.0105655367207178,-0.0253637502535042,0.0998887975632161,0.0185176231687859,-0.1049282452003134,2026-06-17T05:41:32.119937+00:00,ok,,best_deal,2026-05-11T12:13:06.590699+00:00,,True,8,18.225,17.45125,1/1,21.6327,21.552,20.0786,20.683,21.9537,22.9632,16.105,32.094,13.334442764888337,-0.052368734536791,7,3,True,True,True,True,True,True,C,0.1440972222222222,431.0
AWP | Printstream (Battle-Scarred),True,True,True,0.0541,0.33611726758002247,82,summary,True,True,True,True,True,45.46,50,-0.031174981032301,-0.044479513340886,252,8.76467983315316,7.634576820512027,0.9237145672714624,5.04,-0.0454316686024002,-0.0030833317119079,-0.0185819841978589,0.0997100156145437,0.0,-0.0919000104649986,2026-06-17T04:12:41.624427+00:00,ok,,best_deal,2026-04-17T04:52:44.207214+00:00,,True,8,46.6025,45.1925,1/1,51.7121,51.753,47.805,49.5343,54.0667,55.1276,40.25,57.089,14.16032224566398,-0.0906693711967544,7,3,True,True,True,True,True,True,B,0.59375,205.0
★ Bowie Knife | Rust Coat (Battle-Scarred),True,True,True,0.1188,0.5156002881182135,51,summary,True,True,True,True,True,51.15,50,-0.0476580244404069,-0.0450642940894624,86,7.50371973488434,7.801781608084866,0.9228761083077316,1.72,0.0730646378067767,0.0086086554210437,0.0236417737190968,0.0819559331667986,0.0819559331667986,-0.1169844624405716,2026-06-17T06:03:15.301648+00:00,ok,,best_deal,2026-05-21T00:13:27.990790+00:00,,True,8,53.55,51.1175,1/1,62.1012,62.821,57.976,59.5733,64.2332,65.979,53.929,68.852,12.887029558204995,0.0850998214575555,7,3,True,True,True,True,True,True,C,0.20188492063492064,406.0
MP7 | Just Smile (Factory New),True,True,True,0.216,0.6861539315140699,98,summary,True,True,True,True,True,8.13,50,-0.0373162044160612,-0.0455104551045508,248,1.7026750917552662,4.1545272238828685,0.9578826237054084,4.96,-0.0444614794940591,-0.0062106048370899,-0.006625025459906,0.0909546730846369,0.0305856397914159,-0.0633565514600851,2026-06-17T04:54:29.326950+00:00,ok,,best_deal,2026-04-18T06:15:54.074215+00:00,,True,8,8.89625,8.575,1/1,5.2858,5.214,4.9944,5.158,5.248,5.293,3.687,16.352,5.649097582201377,-0.0452848252752513,7,3,True,True,True,True,True,True,B,0.589781746031746,207.0
AK-47 | Crane Flight (Minimal Wear),True,True,True,0.0811,0.8775415590436452,172,summary,True,True,True,True,True,59.08,50,-0.0462720040622884,-0.0455314827352741,879,1.5685481922152529,1.3203045707582175,0.9867804588346568,17.58,0.0254379150756574,0.0041062750780136,0.0095204973631344,0.039328240365328,0.039328240365328,-0.0340941355767181,2026-06-17T05:52:33.194270+00:00,ok,,best_deal,2026-04-17T00:38:01.406089+00:00,,True,8,61.81375,59.08,1/1,45.5198,45.463,44.862,45.025,45.739,46.164,42.261,52.016,2.8602937622748774,0.0409382705080079,7,3,True,True,True,True,True,True,A,0.8665674603174603,69.0
M4A1-S | Vaporwave (Minimal Wear),True,True,True,0.0608,0.2715178678421858,204,summary,True,True,True,True,True,106.31,50,-0.0429987313866219,-0.0462677304461949,62,10.064031714119483,6.782260497883665,0.9317345325038698,1.24,-0.0460246647801573,-0.0154183960909875,-0.0255269735274137,0.1161215251913981,0.0206494096075949,-0.1038163759987752,2026-06-17T05:32:14.823502+00:00,ok,,best_deal,2026-04-17T22:17:16.878594+00:00,,True,8,109.96375,105.4275,1/1,119.9718,119.1935,111.0567,112.0822,124.1562,129.4921,91.996,149.688,15.366444447778552,-0.0589594272868295,7,3,True,True,True,True,True,True,C,0.07738095238095238,465.0
M4A4 | Cyber Security (Field-Tested),True,True,True,0.0757,0.23646060463197602,68,summary,True,True,True,True,True,27.28,50,-0.0475925499883104,-0.0463314028722987,54,9.333878875112331,12.72622326784396,0.8740017361111111,1.08,-0.0352605652061187,-0.0034970985075293,-0.0118564794151417,0.1597880754021577,0.0562060889929743,-0.1684935159674947,2026-06-17T06:03:00.264858+00:00,ok,,best_deal,2026-04-17T22:22:51.994970+00:00,,True,8,28.495,27.2,1/1,27.3734,27.648,24.1644,25.9178,28.4728,29.7058,21.785,42.253,20.243740273404107,-0.0938598017046442,7,3,True,True,True,True,True,True,C,0.03869047619047619,487.0
USP-S | Jawbreaker (Minimal Wear),True,True,True,0.0902,0.4281095449259435,273,summary,True,True,True,True,True,7.63,50,-0.0477355617817215,-0.0472066461185882,1170,5.885989860269569,3.276864102881164,0.9668293904118164,23.4,0.0054500918554809,-2.1912283142284344e-05,0.0035780779005918,0.0514038613801084,0.0361166940739387,-0.0527564062837585,2026-06-17T06:03:29.014330+00:00,ok,,best_deal,2026-04-19T07:50:37.260863+00:00,,True,8,8.0125,7.6475,1/2,8.087,7.989,7.724,7.858,8.334,8.596,7.422,9.485,10.78273772721652,0.035637693957361,7,3,True,True,True,True,True,True,A,0.9067460317460317,48.0
MAC-10 | Disco Tech (Minimal Wear),True,True,True,0.1046,0.5434118261526664,102,summary,True,True,True,True,True,8.46,50,-0.0388906154040157,-0.0473830659558488,190,9.20369654161662,5.496977222301389,0.9443253272858468,3.8,0.0710742929506118,0.0110702130994318,0.0226445425721657,0.0878861027636828,0.0800532045913591,-0.0802355628795178,2026-06-17T05:04:39.863015+00:00,ok,,best_deal,2026-04-18T01:54:14.152126+00:00,,True,8,8.82625,8.49625,1/1,9.8254,9.701,9.1609,9.282,10.1863,10.342,8.615,19.383,12.02088464591773,0.0042050064311862,7,3,True,True,True,True,True,True,B,0.5203373015873016,241.0
Desert Eagle | Mulberry (Field-Tested),True,True,True,0.242,1.526477793831271,400,summary,True,True,True,True,True,3.49,50,-0.0343414542034638,-0.0477643450018044,1768,5.643109850589165,4.9998538054442925,0.9497354497354497,35.36,-0.0107652022112306,-0.0042739461981412,-0.0114670661857887,0.1026470588235293,0.0479411764705881,-0.0531275147669081,2026-06-17T04:33:09.465259+00:00,ok,,best_deal,2026-04-17T07:47:42.882624+00:00,,True,8,4.43125,4.2925,1/1,3.4201,3.402,3.231,3.288,3.481,3.6612,3.115,4.456,12.57857957369668,0.02010201020102,7,3,True,True,True,True,True,True,A,0.9503968253968254,26.0
USP-S | The Traitor (Battle-Scarred),True,True,True,0.085,0.45548727680088924,59,summary,True,True,True,True,True,31.49,50,-0.0459195360974676,-0.0477828647972251,116,7.454907841744965,6.560604025189651,0.9349171165535716,2.32,0.0481654605355785,-0.0015289563150708,0.0132011376518892,0.0766854272166776,0.0743616263919298,-0.1011028146752833,2026-06-17T05:50:34.102568+00:00,ok,,best_deal,2026-04-19T08:48:42.109271+00:00,,True,8,35.27875,33.74125,2/2,36.4753,36.7685,34.3755,34.9898,37.709,38.777,31.687,40.451,12.067070044660356,0.0028152698079151,7,3,True,True,True,True,True,True,C,0.3229166666666667,343.0
StatTrak™ P250 | Asiimov (Battle-Scarred),True,True,True,0.1243,0.6838585793932862,61,summary,True,True,True,True,True,12.25,50,-0.0413099215940079,-0.0478474400453642,106,4.489060996966178,4.686382359470195,0.953200049263106,2.12,-0.0170540043470992,-0.009272870170262,-0.0027352634013739,0.1077138969212451,0.0408232692634802,-0.078290653308341,2026-06-17T05:21:28.732600+00:00,ok,,best_deal,2026-05-12T05:35:05.838713+00:00,,True,8,12.64375,12.1425,1/1,12.1629,12.1795,11.6095,11.874,12.42,12.795,11.255,12.968,9.746853135354227,-0.0195130086724484,7,3,True,True,True,True,True,True,C,0.2743055555555556,367.0
StatTrak™ AK-47 | Frontside Misty (Field-Tested),True,True,True,0.0708,0.27104966076877496,101,summary,True,True,True,True,True,35.98,50,-0.047102365269532,-0.0481113082488346,57,6.172602936597279,5.165632709765497,0.946489007989678,1.14,-0.0202002059534929,-0.0015581248315523,0.000701981945731,0.2129859337382528,0.0962885111271341,-0.0921504169002031,2026-06-17T06:00:11.571441+00:00,ok,,best_deal,2026-05-11T07:59:47.157035+00:00,,True,8,39.34625,37.620000000000005,1/1,41.749,40.302,38.1454,39.11,41.687,48.2816,28.725,68.268,24.278904883949306,0.0151729442707557,7,3,True,True,True,True,True,True,C,0.05505952380952381,477.0
StatTrak™ Dual Berettas | Melondrama (Battle-Scarred),True,True,True,0.139,0.5650229087813977,36,summary,True,True,True,True,True,5.65,28,-0.0410364919321257,-0.0484126030907199,118,8.709736568669387,11.062893466169538,0.8913565426170469,4.214285714285714,0.0742724656220019,-0.005610352153491,0.0230788952996034,0.1345538438639577,0.1041155019721663,-0.1373215301049767,2026-06-17T05:19:34.210294+00:00,ok,,best_deal,2026-05-11T13:09:07.335906+00:00,,False,8,5.72625,5.50125,1/1->1/1,6.5444,6.664,5.94,6.2925,6.8625,6.968,5.542,7.141,15.70808630279322,0.0287092328892972,7,3,True,True,True,True,True,True,B,0.388640873015873,308.0
★ Driver Gloves | Rezan the Red (Field-Tested),True,True,True,0.0985,0.2995458627737304,248,summary,True,True,True,True,True,71.99,50,-0.0445985543163397,-0.0486898159382934,91,6.174846658150597,9.446491348458128,0.9051827362219328,1.82,0.0262856525496975,0.0057850174388449,0.010300084199817,0.1207773204341372,0.0910067057572662,-0.1300584856345337,2026-06-17T05:41:52.223376+00:00,ok,,best_deal,2026-05-21T02:20:06.942933+00:00,,True,8,76.2325,72.995,1/1,94.723,94.371,85.423,90.412,96.261,102.833,77.168,148.0,18.37990773096291,0.0506215714032913,7,3,True,True,True,True,True,True,C,0.23015873015873015,388.0
USP-S | Stainless (Minimal Wear),True,True,True,0.2608,4.562302409244522,334,summary,True,True,True,True,True,12.26,50,-0.0488557002777635,-0.0488030234978094,109,13.08290073134622,10.20961869603065,0.894836049479678,2.18,-0.0571233344721558,-0.0098009063931327,-0.0098584824382856,0.2247264294514094,0.0047829552866148,-0.1409033448383813,2026-06-17T06:09:58.023359+00:00,ok,,best_deal,2026-04-19T08:47:44.903827+00:00,,True,8,13.3925,12.77125,2/2,15.7381,15.279,13.6722,14.301,16.36,18.1456,7.061,32.676,28.424015605441586,-0.0360461054837583,7,3,True,True,True,True,True,True,C,0.2867063492063492,361.0
StatTrak™ AK-47 | Head Shot (Field-Tested),True,True,True,0.0976,0.33691860995964285,83,summary,True,True,True,True,True,30.41,50,-0.0474237395736371,-0.0493675897734579,183,9.30178171716106,8.91655251992321,0.9105473483383608,3.66,-0.0478976234003657,-0.0016637968224415,-0.0134459725295172,0.1110228295990253,0.0047936861062555,-0.1232215464390692,2026-06-17T06:01:36.672588+00:00,ok,,best_deal,2026-05-11T08:00:24.892901+00:00,,True,8,36.9875,35.3125,1/1,38.9119,38.787,35.3174,37.1525,40.772,42.293,33.676,47.626,17.926649688141673,-0.0137780621906467,7,3,True,True,True,True,True,True,B,0.5009920634920635,251.0
Desert Eagle | Firebreathing (Minimal Wear),True,True,True,0.0537,0.4768097095795406,79,summary,True,True,True,True,True,3.71,50,-0.0421159029649595,-0.0498652291105121,2527,8.354381192927919,5.796256719124403,0.941292226959659,50.54,0.0053577056413489,0.0125743755378235,0.0020113136781849,0.1463949843260188,0.0692789968652039,-0.0658355818719058,2026-06-17T05:25:42.149174+00:00,ok,,best_deal,2026-04-17T06:56:10.557123+00:00,,True,8,3.86625,3.71,1/1,3.0882,3.049,2.87,2.971,3.229,3.308,2.699,3.512,14.183019234505528,0.0316946959896509,7,3,True,True,True,True,True,True,A,0.9722222222222222,15.0
M4A4 | The Emperor (Minimal Wear),True,True,True,0.0604,0.421238491613066,128,summary,True,True,True,True,True,77.51,50,-0.0463672348080002,-0.0500932157618471,70,7.468339597057032,8.195294255509712,0.9165782691119772,1.4,0.1621792915659257,0.0124049499173849,0.0510001695796547,0.1395475661482528,0.1395475661482528,-0.1207159525288651,2026-06-17T05:53:21.489695+00:00,ok,,best_deal,2026-04-18T00:17:15.809246+00:00,,True,8,81.6,77.98875,1/1,95.5768,93.894,86.0612,92.134,99.272,103.1275,80.088,126.385,17.856111524972583,0.0545934777515069,7,3,True,True,True,True,True,True,C,0.13640873015873017,435.0
M4A4 | Tooth Fairy (Battle-Scarred),True,True,True,0.0549,0.2719394108826595,73,summary,True,True,True,True,True,3.81,50,-0.0421844494872751,-0.0506666666666666,515,7.806691449814135,5.991126034296668,0.939618080734832,10.3,0.0496453900709217,0.0048526146351758,0.0151440002682246,0.0736253494874184,0.0678005591798694,-0.0810341409605733,2026-06-17T05:26:56.159577+00:00,ok,,best_deal,2026-04-18T00:17:36.910146+00:00,,True,8,3.98375,3.8225,1/1,4.1695,4.137,3.8872,3.988,4.3135,4.5396,3.456,4.766,15.646960067154335,0.0236107798712139,7,3,True,True,True,True,True,True,A,0.7673611111111112,118.0
UMP-45 | Neo-Noir (Field-Tested),True,True,True,0.1578,0.4064481625792652,123,summary,True,True,True,True,True,5.67,50,-0.0485464101096521,-0.0520179790608933,203,2.05540243845472,3.459927438065429,0.964936089632318,4.06,-0.0275004092322802,-0.0071100588189657,-0.0245980076872901,0.1203501094091903,0.0,-0.0690626741535104,2026-06-17T06:07:22.433708+00:00,ok,,best_deal,2026-04-18T22:20:48.584920+00:00,,True,8,5.83125,5.56125,1/1,6.4221,6.337,6.1148,6.265,6.397,6.6478,4.96,13.319,8.29946590679062,-0.0621941594317285,7,3,True,True,True,True,True,True,B,0.5401785714285714,231.0
AWP | Sun in Leo (Field-Tested),True,True,True,0.0938,1.1639540059674127,167,summary,True,True,True,True,True,22.62,50,-0.0404417938828749,-0.0523114839199846,76,7.600903878892439,5.216007206601975,0.9461159305993692,1.52,0.0298340445708866,0.0102376747993758,,0.0840178275442925,0.0824339754687096,-0.0845738551332637,2026-06-17T05:15:38.352743+00:00,ok,,best_deal,2026-04-17T04:56:14.134014+00:00,,True,8,23.43,22.52125,1/1,26.1982,25.36,23.9935,24.872,26.8633,28.223,21.837,41.542,16.144238917177507,0.081439582544962,7,3,True,True,True,True,True,True,C,0.1572420634920635,424.0
P90 | Module (Factory New),True,True,True,0.1587,0.5924356559949779,154,summary,True,True,True,True,True,3.76,50,-0.0410204353321285,-0.0528940733146767,126,6.805711873944858,5.92642093415869,0.935711560473102,2.52,0.0189274447949527,0.003219695060356,0.0030608740572743,0.0777863777089783,0.0371517027863777,-0.0893537914041527,2026-06-17T05:19:14.824632+00:00,ok,,best_deal,2026-04-18T15:38:23.731192+00:00,,True,8,4.03,3.885,1/1,2.8432,2.621,2.4525,2.488,2.6815,2.837,1.779,23.18,13.523494653911088,-0.0390479732242469,7,3,True,True,True,True,True,True,B,0.35664682539682535,326.0
FAMAS | Eye of Athena (Minimal Wear),True,True,True,0.1352,0.35208417644678264,74,summary,True,True,True,True,True,11.59,50,-0.0485030786622844,-0.0540655458066763,73,11.589833365752446,8.934707903780064,0.9085524678556616,1.46,-0.0374963341572752,-0.0195493302831057,-0.004583243369638,0.2261251849917296,0.1004178636719768,-0.1300314555580174,2026-06-17T06:07:07.227104+00:00,ok,,best_deal,2026-04-17T10:05:14.106993+00:00,,True,8,12.8575,12.27,1/1,12.3384,12.055,10.9526,11.349,12.779,14.28,9.472,20.252,26.96784023860468,-0.0050238198354267,7,3,True,True,True,True,True,True,C,0.15029761904761907,428.0
AK-47 | Cartel (Battle-Scarred),True,True,True,0.1578,1.2173162663598447,60,summary,True,True,True,True,True,18.15,50,-0.0446506328370792,-0.0568993952721275,84,7.349731673115658,8.550613092665028,0.914505587181109,1.68,0.0325412680054673,-0.0026647178828074,0.008112704045508,0.1574512499363575,0.1109668550481135,-0.1215940678831537,2026-06-17T05:42:23.722980+00:00,ok,,best_deal,2026-04-17T00:36:57.912708+00:00,,True,8,18.91125,18.1075,1/1,18.9694,18.972,17.35,18.0688,19.463,20.126,14.533,26.43,14.634094910750996,0.0406930535685901,7,3,True,True,True,True,True,True,C,0.18998015873015875,409.0
AWP | The End (Minimal Wear),True,True,True,0.4978,3.0005098507735273,36,summary,True,True,True,True,True,39.82,50,-0.0484320423492854,-0.0569242738589211,258,5.18752301967308,4.0594002819513095,0.9589500722427357,5.16,0.0560316629595707,0.0083450938511035,0.0118686169209658,0.0708997986681121,0.0662536781787206,-0.0732344309255099,2026-06-17T06:06:51.777777+00:00,ok,,best_deal,2026-04-17T04:56:54.165794+00:00,,True,8,40.585,38.7175,1/1,31.4948,31.145,29.8665,30.602,32.2358,32.9105,28.415,42.192,9.66508757001156,0.0009300883583938,7,3,True,True,True,True,True,True,B,0.6031746031746031,202.0
Galil AR | Chromatic Aberration (Battle-Scarred),True,True,True,0.222,1.3984461709211988,67,summary,True,True,True,True,True,3.49,50,-0.0497650942461953,-0.058027136355975,236,8.359862308150218,7.609286435282243,0.9242072699149264,4.72,-0.0037618368141133,-0.0008044562764185,0.0121732172753585,0.1078125,0.0619791666666666,-0.1107100380231572,2026-06-17T06:14:48.208291+00:00,ok,,best_deal,2026-04-17T17:15:10.609915+00:00,,True,8,3.6125,3.44125,1/1,3.8637,3.879,3.585,3.698,4.021,4.144,1.897,4.486,14.467996997696511,0.0369970294355928,7,3,True,True,True,True,True,True,B,0.5818452380952381,212.0
G3SG1 | Flux (Field-Tested),True,True,True,0.1201,0.30859474623820465,59,summary,True,True,True,True,True,6.82,50,-0.0495129611995454,-0.0581039755351682,77,20.8394152388224,7.7519031685791955,0.9198327914537854,1.54,-0.0725901992460957,0.0196704512504752,0.0379480200385171,0.2093833468818952,0.1198467076994542,-0.1189353185529385,2026-06-17T06:13:52.600947+00:00,ok,,best_deal,2026-04-17T13:02:35.535130+00:00,,True,8,6.9225,6.5975,1/1,8.9062,8.612,7.9216,8.046,9.902,10.152,5.761,11.41,25.0432283128607,0.0223198385373382,7,3,True,True,True,True,True,True,C,0.16145833333333334,423.0
